CustomerID,Age,Gender,City,CampaignID,Channel,Impressions,Clicks,Conversions,Revenue,Cost,Date,CTR,Conversion_Rate,ROI
1,36,Male,Pune,CMP106,YouTube,1360,320,76,7600,1924,2025-03-16,0.2353,0.2375,2.9501
2,19,Male,Mumbai,CMP107,Facebook,3944,149,28,2828,330,2025-04-18,0.0378,0.1879,7.5697
3,29,Female,Hyderabad,CMP109,Email,2933,241,64,7168,476,2025-01-22,0.0822,0.2656,14.0588
4,45,Female,Delhi,CMP102,Email,3404,98,63,7623,710,2025-04-18,0.0288,0.6429,9.7366
5,24,Male,Delhi,CMP104,Facebook,1767,369,7,910,1708,2025-03-14,0.2088,0.019,-0.4672
6,26,Female,Bangalore,CMP109,Facebook,2935,138,64,12352,213,2025-02-22,0.047,0.4638,56.9906
7,25,Female,Pune,CMP102,Facebook,1863,141,64,7872,1678,2025-03-19,0.0757,0.4539,3.6913
8,23,Female,Chennai,CMP105,YouTube,3652,469,54,4374,1611,2025-04-16,0.1284,0.1151,1.7151
9,51,Male,Mumbai,CMP109,Google Ads,4343,359,67,11323,601,2025-03-03,0.0827,0.1866,17.8403
10,31,Male,Pune,CMP106,Email,1495,319,52,7852,1494,2025-03-03,0.2134,0.163,4.2557
11,42,Female,Pune,CMP108,Facebook,837,416,57,5985,991,2025-01-29,0.497,0.137,5.0394
12,18,Male,Chennai,CMP107,Google Ads,2562,350,69,11523,720,2025-03-29,0.1366,0.1971,15.0042
13,45,Female,Delhi,CMP106,Instagram,891,212,39,3276,488,2025-03-14,0.2379,0.184,5.7131
14,54,Male,Pune,CMP102,Email,3604,97,27,4509,1797,2025-02-13,0.0269,0.2784,1.5092
15,31,Male,Pune,CMP102,YouTube,3273,84,69,12420,1962,2025-01-01,0.0257,0.8214,5.3303
16,26,Male,Delhi,CMP109,Email,1528,267,18,1908,1070,2025-02-11,0.1747,0.0674,0.7832
17,49,Male,Hyderabad,CMP103,Instagram,1984,228,67,12194,1063,2025-04-04,0.1149,0.2939,10.4713
18,49,Male,Bangalore,CMP106,Facebook,2178,220,33,3036,1259,2025-02-28,0.101,0.15,1.4114
19,23,Male,Delhi,CMP103,Email,3814,135,32,3872,777,2025-01-30,0.0354,0.237,3.9833
20,44,Female,Delhi,CMP108,Facebook,2481,380,66,5280,1448,2025-04-26,0.1532,0.1737,2.6464
21,26,Male,Delhi,CMP104,Email,1782,408,74,7844,1679,2025-04-07,0.229,0.1814,3.6718
22,29,Male,Bangalore,CMP106,Facebook,1163,364,36,6012,1831,2025-01-02,0.313,0.0989,2.2835
23,19,Female,Hyderabad,CMP101,YouTube,2136,162,60,8280,1304,2025-04-02,0.0758,0.3704,5.3497
24,43,Female,Bangalore,CMP105,Instagram,1354,273,5,405,1626,2025-02-01,0.2016,0.0183,-0.7509
25,41,Female,Mumbai,CMP104,Instagram,4010,252,60,5760,322,2025-04-26,0.0628,0.2381,16.8882
26,23,Male,Mumbai,CMP102,Email,697,444,20,3040,808,2025-01-20,0.637,0.045,2.7624
27,20,Female,Mumbai,CMP102,Facebook,3311,492,40,6760,602,2025-01-20,0.1486,0.0813,10.2292
28,35,Female,Mumbai,CMP107,Facebook,3411,248,56,6272,688,2025-01-01,0.0727,0.2258,8.1163
29,47,Female,Hyderabad,CMP109,Facebook,2302,490,54,5940,350,2025-04-09,0.2129,0.1102,15.9714
30,19,Male,Chennai,CMP100,YouTube,762,301,20,3820,545,2025-02-17,0.395,0.0664,6.0092
31,52,Male,Hyderabad,CMP102,Email,4223,86,36,3168,1214,2025-02-17,0.0204,0.4186,1.6096
32,50,Female,Bangalore,CMP107,Email,2755,180,24,3192,351,2025-04-26,0.0653,0.1333,8.094
33,52,Male,Bangalore,CMP108,Instagram,2148,469,42,6846,303,2025-04-09,0.2183,0.0896,21.5941
34,19,Female,Bangalore,CMP105,Instagram,2700,398,22,3542,1077,2025-02-04,0.1474,0.0553,2.2888
35,50,Male,Mumbai,CMP104,YouTube,4291,494,45,6615,360,2025-02-17,0.1151,0.0911,17.375
36,34,Male,Delhi,CMP100,Google Ads,4487,433,12,1752,1358,2025-02-17,0.0965,0.0277,0.2901
37,25,Female,Bangalore,CMP101,Google Ads,1454,420,26,2834,949,2025-01-21,0.2889,0.0619,1.9863
38,52,Male,Delhi,CMP100,Facebook,1459,366,52,4316,858,2025-01-17,0.2509,0.1421,4.0303
39,52,Male,Delhi,CMP108,Facebook,1743,207,50,4250,1596,2025-02-06,0.1188,0.2415,1.6629
40,52,Male,Bangalore,CMP100,Instagram,2827,398,50,8700,380,2025-04-26,0.1408,0.1256,21.8947
41,35,Male,Mumbai,CMP108,Email,690,302,36,5256,1384,2025-04-16,0.4377,0.1192,2.7977
42,39,Male,Delhi,CMP106,Google Ads,1069,372,50,5550,825,2025-03-07,0.348,0.1344,5.7273
43,26,Female,Mumbai,CMP105,YouTube,654,435,21,2352,1327,2025-02-17,0.6651,0.0483,0.7724
44,30,Female,Bangalore,CMP109,Google Ads,3306,75,54,5562,1120,2025-01-07,0.0227,0.72,3.9661
45,33,Male,Mumbai,CMP102,Google Ads,4631,222,24,2088,520,2025-03-28,0.0479,0.1081,3.0154
46,39,Female,Hyderabad,CMP102,YouTube,1666,141,70,9940,926,2025-01-25,0.0846,0.4965,9.7343
47,39,Male,Delhi,CMP100,Instagram,4269,112,66,6666,1348,2025-02-21,0.0262,0.5893,3.9451
48,25,Male,Hyderabad,CMP104,Instagram,4354,103,64,11264,812,2025-03-01,0.0237,0.6214,12.8719
49,23,Male,Pune,CMP103,Email,3551,157,9,1323,1326,2025-04-04,0.0442,0.0573,-0.0023
50,33,Male,Hyderabad,CMP101,Email,4642,404,59,7729,1135,2025-04-16,0.087,0.146,5.8097
51,36,Male,Pune,CMP109,YouTube,2193,196,21,2982,319,2025-02-24,0.0894,0.1071,8.348
52,29,Female,Bangalore,CMP104,Google Ads,1869,278,66,5808,990,2025-01-01,0.1487,0.2374,4.8667
53,49,Male,Bangalore,CMP105,Email,1581,171,5,565,1974,2025-02-17,0.1082,0.0292,-0.7138
54,22,Male,Bangalore,CMP105,YouTube,4172,286,5,700,1495,2025-04-03,0.0686,0.0175,-0.5318
55,54,Male,Bangalore,CMP105,YouTube,2794,125,30,3900,1879,2025-02-26,0.0447,0.24,1.0756
56,47,Male,Bangalore,CMP103,Google Ads,3856,269,73,14016,1270,2025-03-10,0.0698,0.2714,10.0362
57,53,Female,Bangalore,CMP100,Instagram,3459,267,52,6136,540,2025-04-04,0.0772,0.1948,10.363
58,53,Male,Hyderabad,CMP101,Instagram,4952,72,14,2072,1981,2025-02-21,0.0145,0.1944,0.0459
59,21,Male,Pune,CMP107,Instagram,4230,491,5,740,1215,2025-03-21,0.1161,0.0102,-0.3909
60,50,Female,Mumbai,CMP100,Instagram,1395,209,28,3192,889,2025-03-02,0.1498,0.134,2.5906
61,27,Male,Mumbai,CMP101,YouTube,3238,476,16,1792,1800,2025-04-25,0.147,0.0336,-0.0044
62,27,Male,Delhi,CMP109,Facebook,1253,84,12,1260,804,2025-02-03,0.067,0.1429,0.5672
63,28,Female,Bangalore,CMP107,YouTube,614,154,11,1507,1419,2025-02-05,0.2508,0.0714,0.062
64,26,Male,Bangalore,CMP107,Email,1228,326,40,7200,1617,2025-03-05,0.2655,0.1227,3.4527
65,49,Female,Delhi,CMP107,Email,3286,226,40,7680,1177,2025-01-23,0.0688,0.177,5.5251
66,42,Male,Chennai,CMP102,YouTube,4632,317,59,6018,1748,2025-04-15,0.0684,0.1861,2.4428
67,53,Male,Hyderabad,CMP108,Google Ads,4452,111,17,1666,898,2025-01-19,0.0249,0.1532,0.8552
68,36,Female,Hyderabad,CMP109,Email,4671,314,75,13050,917,2025-04-21,0.0672,0.2389,13.2312
69,42,Male,Delhi,CMP103,Instagram,643,422,73,6643,1322,2025-03-26,0.6563,0.173,4.025
70,31,Male,Delhi,CMP109,Facebook,4136,200,20,2360,768,2025-01-05,0.0484,0.1,2.0729
71,29,Male,Mumbai,CMP108,Google Ads,1232,284,79,15010,857,2025-03-15,0.2305,0.2782,16.5146
72,26,Male,Pune,CMP101,Facebook,1453,450,11,1012,1397,2025-01-27,0.3097,0.0244,-0.2756
73,36,Female,Bangalore,CMP107,Email,3181,243,9,1044,228,2025-04-22,0.0764,0.037,3.5789
74,42,Male,Hyderabad,CMP103,Facebook,1888,370,21,3150,710,2025-02-05,0.196,0.0568,3.4366
75,44,Female,Pune,CMP109,Facebook,3641,301,35,6545,644,2025-03-31,0.0827,0.1163,9.163
76,45,Male,Delhi,CMP109,Facebook,4102,88,71,6532,372,2025-01-20,0.0215,0.8068,16.5591
77,30,Male,Delhi,CMP108,Google Ads,955,366,43,3526,1224,2025-03-04,0.3832,0.1175,1.8807
78,23,Female,Hyderabad,CMP109,Instagram,2031,418,29,3248,1023,2025-02-13,0.2058,0.0694,2.175
79,38,Male,Chennai,CMP104,Google Ads,2352,352,25,4925,279,2025-02-05,0.1497,0.071,16.6523
80,31,Female,Pune,CMP100,YouTube,1750,196,24,2328,1664,2025-04-27,0.112,0.1224,0.399
81,28,Male,Pune,CMP109,Instagram,4137,423,7,1162,855,2025-04-06,0.1022,0.0165,0.3591
82,25,Male,Delhi,CMP109,Instagram,3331,407,28,5488,867,2025-04-02,0.1222,0.0688,5.3299
83,45,Male,Delhi,CMP104,Facebook,4685,185,62,7998,1539,2025-02-10,0.0395,0.3351,4.1969
84,50,Male,Hyderabad,CMP104,YouTube,4275,460,67,10184,1368,2025-03-25,0.1076,0.1457,6.4444
85,52,Male,Hyderabad,CMP105,Facebook,3008,269,33,4125,1108,2025-03-23,0.0894,0.1227,2.7229
86,47,Male,Pune,CMP101,Google Ads,755,246,51,4539,649,2025-04-19,0.3258,0.2073,5.9938
87,28,Female,Pune,CMP104,Facebook,1515,338,69,12075,345,2025-01-26,0.2231,0.2041,34
88,30,Female,Delhi,CMP100,YouTube,4658,266,63,8064,994,2025-04-08,0.0571,0.2368,7.1127
89,23,Male,Hyderabad,CMP100,Email,2652,148,5,955,604,2025-03-10,0.0558,0.0338,0.5811
90,54,Male,Bangalore,CMP104,YouTube,2168,407,7,714,1660,2025-02-06,0.1877,0.0172,-0.5699
91,30,Female,Hyderabad,CMP103,YouTube,4678,194,77,10010,200,2025-03-03,0.0415,0.3969,49.05
92,51,Male,Delhi,CMP105,Facebook,2323,83,76,7980,1774,2025-04-28,0.0357,0.9157,3.4983
93,22,Female,Chennai,CMP108,Google Ads,1270,428,54,7776,467,2025-01-17,0.337,0.1262,15.651
94,38,Female,Mumbai,CMP101,Facebook,3314,352,27,4860,1430,2025-03-16,0.1062,0.0767,2.3986
95,51,Female,Pune,CMP101,Email,2650,471,68,12036,963,2025-01-30,0.1777,0.1444,11.4984
96,50,Male,Pune,CMP107,Google Ads,1858,396,55,9735,646,2025-03-20,0.2131,0.1389,14.0697
97,27,Female,Bangalore,CMP107,Google Ads,3677,100,9,747,996,2025-01-17,0.0272,0.09,-0.25
98,19,Male,Mumbai,CMP102,Facebook,3332,389,73,6205,745,2025-04-21,0.1167,0.1877,7.3289
99,28,Male,Mumbai,CMP105,Facebook,1260,200,59,10266,1047,2025-01-16,0.1587,0.295,8.8052
100,20,Male,Pune,CMP102,Email,1399,409,8,832,1919,2025-01-27,0.2924,0.0196,-0.5664
101,36,Female,Chennai,CMP104,Facebook,4688,209,54,7020,260,2025-01-05,0.0446,0.2584,26
102,22,Female,Bangalore,CMP108,Instagram,4400,71,25,2000,1037,2025-01-12,0.0161,0.3521,0.9286
103,44,Male,Mumbai,CMP108,Google Ads,2893,95,38,6422,1301,2025-01-26,0.0328,0.4,3.9362
104,34,Female,Mumbai,CMP109,Instagram,2796,96,60,11160,549,2025-02-05,0.0343,0.625,19.3279
105,39,Male,Chennai,CMP109,Instagram,2555,162,56,7056,918,2025-01-28,0.0634,0.3457,6.6863
106,31,Male,Delhi,CMP107,YouTube,2625,265,6,630,564,2025-04-25,0.101,0.0226,0.117
107,52,Male,Mumbai,CMP102,YouTube,2146,456,22,2574,1729,2025-01-15,0.2125,0.0482,0.4887
108,39,Female,Mumbai,CMP109,YouTube,2575,251,43,7826,1496,2025-02-13,0.0975,0.1713,4.2313
109,20,Male,Chennai,CMP108,Instagram,4096,261,29,2581,1803,2025-04-19,0.0637,0.1111,0.4315
110,36,Male,Pune,CMP109,Instagram,1669,160,38,3306,822,2025-02-10,0.0959,0.2375,3.0219
111,51,Male,Pune,CMP107,Email,3160,55,56,8008,1505,2025-02-28,0.0174,1.0182,4.3209
112,38,Female,Hyderabad,CMP105,Google Ads,1376,278,37,3737,1660,2025-03-11,0.202,0.1331,1.2512
113,47,Male,Mumbai,CMP107,Facebook,3063,399,79,11139,1669,2025-02-24,0.1303,0.198,5.6741
114,54,Male,Chennai,CMP103,Email,1660,296,7,770,442,2025-01-24,0.1783,0.0236,0.7421
115,23,Male,Chennai,CMP105,Google Ads,505,371,79,12482,203,2025-04-23,0.7347,0.2129,60.4877
116,32,Male,Chennai,CMP107,Google Ads,3051,484,66,9570,1664,2025-01-26,0.1586,0.1364,4.7512
117,37,Male,Chennai,CMP100,Facebook,1641,373,23,4048,923,2025-01-12,0.2273,0.0617,3.3857
118,54,Female,Delhi,CMP103,YouTube,2548,139,18,2106,519,2025-03-18,0.0546,0.1295,3.0578
119,27,Male,Bangalore,CMP104,YouTube,2526,308,37,4773,1101,2025-01-23,0.1219,0.1201,3.3351
120,19,Female,Bangalore,CMP103,Facebook,2173,221,6,714,212,2025-03-06,0.1017,0.0271,2.3679
121,28,Female,Chennai,CMP107,Facebook,1842,150,77,6776,984,2025-02-07,0.0814,0.5133,5.8862
122,31,Male,Hyderabad,CMP104,Google Ads,2538,468,53,7473,1804,2025-04-30,0.1844,0.1132,3.1425
123,52,Male,Delhi,CMP100,Google Ads,4030,186,38,6764,787,2025-02-09,0.0462,0.2043,7.5947
124,28,Male,Mumbai,CMP108,Email,3891,455,64,9664,1572,2025-04-11,0.1169,0.1407,5.1476
125,31,Male,Bangalore,CMP109,Google Ads,1814,262,41,6642,204,2025-03-03,0.1444,0.1565,31.5588
126,25,Male,Bangalore,CMP106,YouTube,4727,138,46,4462,288,2025-04-14,0.0292,0.3333,14.4931
127,50,Female,Delhi,CMP106,Email,4097,337,55,6435,1860,2025-03-04,0.0823,0.1632,2.4597
128,19,Female,Pune,CMP104,Facebook,2690,202,21,3990,1448,2025-04-14,0.0751,0.104,1.7555
129,20,Male,Mumbai,CMP106,Instagram,2651,484,43,3655,397,2025-02-20,0.1826,0.0888,8.2065
130,50,Female,Hyderabad,CMP104,Facebook,2535,280,31,3348,619,2025-01-27,0.1105,0.1107,4.4087
131,27,Female,Pune,CMP104,Email,1450,338,72,10440,797,2025-03-15,0.2331,0.213,12.0991
132,53,Male,Pune,CMP107,Instagram,3412,167,42,5292,1382,2025-02-21,0.0489,0.2515,2.8292
133,21,Female,Delhi,CMP101,YouTube,3728,185,9,1134,1380,2025-01-27,0.0496,0.0486,-0.1783
134,44,Female,Delhi,CMP104,Facebook,594,164,40,4200,1515,2025-01-20,0.2761,0.2439,1.7723
135,23,Female,Mumbai,CMP107,Google Ads,4606,303,78,9126,1071,2025-01-23,0.0658,0.2574,7.521
136,43,Male,Pune,CMP107,Google Ads,1314,395,50,4550,562,2025-03-03,0.3006,0.1266,7.0961
137,53,Male,Bangalore,CMP103,Email,3781,160,64,9920,882,2025-01-05,0.0423,0.4,10.2472
138,45,Female,Chennai,CMP109,Facebook,3435,342,76,14060,326,2025-01-09,0.0996,0.2222,42.1288
139,28,Male,Hyderabad,CMP106,Facebook,4646,78,44,7260,1520,2025-01-01,0.0168,0.5641,3.7763
140,53,Female,Mumbai,CMP105,Facebook,3361,150,25,4725,1569,2025-03-28,0.0446,0.1667,2.0115
141,32,Male,Pune,CMP104,YouTube,3372,50,67,12998,766,2025-02-16,0.0148,1.34,15.9687
142,43,Female,Pune,CMP108,YouTube,1832,186,78,10608,1659,2025-02-04,0.1015,0.4194,5.3942
143,19,Female,Hyderabad,CMP106,Email,1074,293,29,4466,1825,2025-03-23,0.2728,0.099,1.4471
144,41,Female,Bangalore,CMP108,Instagram,974,467,21,2562,839,2025-03-12,0.4795,0.045,2.0536
145,39,Male,Delhi,CMP109,YouTube,4072,393,37,3996,376,2025-01-28,0.0965,0.0941,9.6277
146,39,Male,Bangalore,CMP107,Instagram,3620,386,53,10441,347,2025-02-18,0.1066,0.1373,29.0893
147,36,Male,Chennai,CMP100,Google Ads,4922,306,17,2822,1189,2025-02-14,0.0622,0.0556,1.3734
148,35,Female,Chennai,CMP100,Facebook,2000,335,20,1960,1647,2025-03-19,0.1675,0.0597,0.19
149,21,Female,Bangalore,CMP100,Email,3557,243,42,5964,1146,2025-01-08,0.0683,0.1728,4.2042
150,27,Female,Delhi,CMP102,Google Ads,4650,408,7,623,999,2025-04-20,0.0877,0.0172,-0.3764
151,24,Male,Bangalore,CMP107,Google Ads,3951,136,59,6549,1699,2025-03-06,0.0344,0.4338,2.8546
152,54,Male,Mumbai,CMP102,Email,4908,296,71,10721,642,2025-02-20,0.0603,0.2399,15.6994
153,31,Male,Pune,CMP107,Email,4175,313,38,6346,295,2025-02-15,0.075,0.1214,20.5119
154,38,Female,Bangalore,CMP106,YouTube,3038,449,72,8352,1723,2025-02-17,0.1478,0.1604,3.8474
155,36,Male,Chennai,CMP102,YouTube,4925,312,37,6068,350,2025-02-05,0.0634,0.1186,16.3371
156,37,Female,Pune,CMP109,Facebook,1808,237,6,888,1014,2025-01-02,0.1311,0.0253,-0.1243
157,47,Male,Delhi,CMP108,Instagram,3690,445,24,2784,460,2025-04-08,0.1206,0.0539,5.0522
158,47,Male,Hyderabad,CMP107,Instagram,4077,391,28,4284,792,2025-02-28,0.0959,0.0716,4.4091
159,19,Male,Hyderabad,CMP108,Google Ads,4723,273,18,2142,720,2025-04-13,0.0578,0.0659,1.975
160,46,Female,Chennai,CMP101,Facebook,1801,284,8,1096,865,2025-03-28,0.1577,0.0282,0.2671
161,53,Male,Mumbai,CMP108,Google Ads,1304,124,74,12136,1369,2025-02-07,0.0951,0.5968,7.8649
162,29,Male,Mumbai,CMP106,Instagram,2581,66,41,7421,1376,2025-04-27,0.0256,0.6212,4.3932
163,44,Male,Delhi,CMP107,Instagram,841,76,61,5185,1510,2025-04-08,0.0904,0.8026,2.4338
164,38,Female,Bangalore,CMP109,Email,954,443,49,5145,1624,2025-02-15,0.4644,0.1106,2.1681
165,53,Male,Hyderabad,CMP102,Instagram,4725,359,69,9108,1018,2025-01-26,0.076,0.1922,7.947
166,53,Female,Hyderabad,CMP100,Instagram,4624,198,15,1350,1519,2025-02-28,0.0428,0.0758,-0.1113
167,41,Male,Hyderabad,CMP105,Google Ads,3354,281,58,7772,297,2025-01-22,0.0838,0.2064,25.1684
168,34,Male,Delhi,CMP101,Instagram,2285,85,24,4272,1690,2025-03-14,0.0372,0.2824,1.5278
169,34,Male,Mumbai,CMP100,Email,653,499,77,9163,912,2025-03-30,0.7642,0.1543,9.0471
170,52,Female,Mumbai,CMP102,Email,560,476,46,5428,224,2025-04-24,0.85,0.0966,23.2321
171,51,Male,Chennai,CMP102,Instagram,1752,157,48,8304,1658,2025-04-11,0.0896,0.3057,4.0084
172,27,Female,Mumbai,CMP108,YouTube,3615,492,53,5088,1156,2025-02-24,0.1361,0.1077,3.4014
173,40,Female,Pune,CMP104,Instagram,4607,367,12,1920,860,2025-04-28,0.0797,0.0327,1.2326
174,29,Male,Mumbai,CMP109,Facebook,1209,249,29,4872,665,2025-04-15,0.206,0.1165,6.3263
175,34,Female,Hyderabad,CMP106,Email,546,337,14,2100,1239,2025-01-26,0.6172,0.0415,0.6949
176,24,Female,Mumbai,CMP108,Instagram,3657,299,11,2156,534,2025-04-25,0.0818,0.0368,3.0375
177,34,Male,Hyderabad,CMP107,Email,2021,364,43,4171,1194,2025-04-09,0.1801,0.1181,2.4933
178,54,Male,Delhi,CMP107,YouTube,3167,237,49,4018,1321,2025-03-31,0.0748,0.2068,2.0416
179,21,Male,Chennai,CMP105,Instagram,4778,413,43,8557,1750,2025-01-25,0.0864,0.1041,3.8897
180,19,Male,Delhi,CMP106,Facebook,3269,210,20,2420,692,2025-04-09,0.0642,0.0952,2.4971
181,30,Male,Bangalore,CMP101,Facebook,3741,83,34,6732,450,2025-02-01,0.0222,0.4096,13.96
182,46,Female,Mumbai,CMP100,Email,4310,428,43,8385,1013,2025-04-03,0.0993,0.1005,7.2774
183,27,Male,Delhi,CMP108,YouTube,4913,294,61,8235,471,2025-04-13,0.0598,0.2075,16.4841
184,31,Male,Pune,CMP107,Email,4935,438,69,5658,1912,2025-01-30,0.0888,0.1575,1.9592
185,18,Female,Mumbai,CMP104,Email,2533,373,22,2288,492,2025-04-20,0.1473,0.059,3.6504
186,29,Male,Bangalore,CMP109,Email,3132,448,53,7791,1567,2025-02-06,0.143,0.1183,3.9719
187,41,Female,Mumbai,CMP101,YouTube,2608,476,74,9990,1006,2025-01-25,0.1825,0.1555,8.9304
188,43,Female,Hyderabad,CMP108,Instagram,1384,292,78,13806,1330,2025-04-23,0.211,0.2671,9.3805
189,40,Female,Chennai,CMP100,Email,3053,308,10,840,1740,2025-01-09,0.1009,0.0325,-0.5172
190,35,Male,Bangalore,CMP100,YouTube,3670,69,65,7410,1713,2025-03-29,0.0188,0.942,3.3257
191,42,Female,Mumbai,CMP108,Facebook,502,209,17,3230,1343,2025-03-09,0.4163,0.0813,1.4051
192,20,Female,Chennai,CMP108,Facebook,2433,406,15,2025,1840,2025-03-08,0.1669,0.0369,0.1005
193,42,Male,Chennai,CMP104,Google Ads,1855,219,13,1547,1686,2025-01-11,0.1181,0.0594,-0.0824
194,43,Female,Pune,CMP101,Instagram,1454,275,42,3528,527,2025-03-11,0.1891,0.1527,5.6945
195,22,Male,Chennai,CMP100,YouTube,536,365,52,5564,1172,2025-04-24,0.681,0.1425,3.7474
196,20,Male,Bangalore,CMP107,Email,3611,350,66,12804,548,2025-02-09,0.0969,0.1886,22.365
197,36,Female,Pune,CMP107,Facebook,4430,286,37,6179,1485,2025-04-02,0.0646,0.1294,3.1609
198,53,Female,Chennai,CMP105,YouTube,2204,318,49,6468,1568,2025-03-01,0.1443,0.1541,3.125
199,27,Male,Pune,CMP104,Instagram,1056,363,35,4235,734,2025-01-30,0.3438,0.0964,4.7698
200,46,Male,Pune,CMP106,Facebook,2074,464,6,936,1941,2025-03-07,0.2237,0.0129,-0.5178
201,51,Male,Chennai,CMP107,Google Ads,3617,204,21,3654,559,2025-04-19,0.0564,0.1029,5.5367
202,49,Male,Hyderabad,CMP101,Instagram,1507,375,34,5202,1678,2025-03-04,0.2488,0.0907,2.1001
203,21,Male,Mumbai,CMP103,Email,1935,109,41,4141,1188,2025-04-06,0.0563,0.3761,2.4857
204,39,Female,Chennai,CMP100,Email,1765,373,68,6188,1240,2025-01-10,0.2113,0.1823,3.9903
205,35,Female,Hyderabad,CMP101,Facebook,1385,242,26,5174,673,2025-01-14,0.1747,0.1074,6.688
206,29,Female,Pune,CMP106,YouTube,1186,334,40,7120,962,2025-01-29,0.2816,0.1198,6.4012
207,49,Female,Mumbai,CMP102,Instagram,1406,82,10,1580,1078,2025-03-16,0.0583,0.122,0.4657
208,52,Male,Pune,CMP108,Email,4109,479,33,5280,715,2025-02-08,0.1166,0.0689,6.3846
209,49,Male,Mumbai,CMP101,Email,3842,424,33,5082,356,2025-02-16,0.1104,0.0778,13.2753
210,34,Male,Bangalore,CMP107,Instagram,3655,71,79,11534,1762,2025-04-02,0.0194,1.1127,5.546
211,37,Male,Hyderabad,CMP105,YouTube,1488,70,51,7038,1068,2025-01-19,0.047,0.7286,5.5899
212,52,Male,Pune,CMP100,Google Ads,4463,471,19,2660,1385,2025-01-25,0.1055,0.0403,0.9206
213,33,Female,Mumbai,CMP107,Google Ads,1291,61,22,4114,1494,2025-03-01,0.0473,0.3607,1.7537
214,44,Male,Mumbai,CMP101,Email,1484,194,57,9006,719,2025-04-26,0.1307,0.2938,11.5257
215,20,Female,Delhi,CMP103,Google Ads,4944,497,48,4944,892,2025-02-15,0.1005,0.0966,4.5426
216,37,Male,Delhi,CMP103,YouTube,1026,202,75,14025,1496,2025-01-09,0.1969,0.3713,8.375
217,19,Male,Hyderabad,CMP107,YouTube,1516,493,67,13199,925,2025-03-13,0.3252,0.1359,13.2692
218,35,Female,Mumbai,CMP105,Email,894,113,76,13148,473,2025-02-01,0.1264,0.6726,26.797
219,39,Male,Hyderabad,CMP102,YouTube,1228,338,45,4050,1615,2025-03-29,0.2752,0.1331,1.5077
220,33,Male,Pune,CMP105,YouTube,2076,450,50,7900,1895,2025-03-27,0.2168,0.1111,3.1689
221,19,Female,Mumbai,CMP100,Facebook,3220,251,44,7744,441,2025-02-02,0.078,0.1753,16.5601
222,43,Male,Chennai,CMP105,Facebook,4544,463,37,7215,788,2025-04-13,0.1019,0.0799,8.1561
223,32,Male,Delhi,CMP101,Google Ads,2741,215,50,9650,321,2025-04-16,0.0784,0.2326,29.0623
224,23,Male,Delhi,CMP108,Facebook,1386,477,53,7738,516,2025-01-06,0.3442,0.1111,13.9961
225,29,Male,Bangalore,CMP107,YouTube,3644,408,36,6948,752,2025-03-13,0.112,0.0882,8.2394
226,24,Male,Hyderabad,CMP103,Instagram,2213,397,66,9306,1307,2025-03-21,0.1794,0.1662,6.1201
227,20,Female,Pune,CMP108,YouTube,1399,439,62,6510,221,2025-03-01,0.3138,0.1412,28.457
228,36,Female,Pune,CMP106,Google Ads,4609,61,16,1664,1108,2025-04-20,0.0132,0.2623,0.5018
229,49,Female,Hyderabad,CMP102,Email,3927,222,12,2376,1956,2025-02-13,0.0565,0.0541,0.2147
230,20,Male,Bangalore,CMP109,Email,4165,451,26,4550,748,2025-04-25,0.1083,0.0576,5.0829
231,24,Male,Chennai,CMP100,Email,4630,494,58,10208,1430,2025-04-04,0.1067,0.1174,6.1385
232,54,Female,Hyderabad,CMP103,Email,658,491,65,6435,223,2025-04-02,0.7462,0.1324,27.8565
233,49,Male,Pune,CMP108,YouTube,1887,431,24,2472,1155,2025-02-05,0.2284,0.0557,1.1403
234,53,Male,Pune,CMP105,Facebook,1773,166,70,7910,534,2025-02-08,0.0936,0.4217,13.8127
235,20,Female,Hyderabad,CMP101,Email,4509,292,62,5642,1469,2025-02-09,0.0648,0.2123,2.8407
236,47,Male,Hyderabad,CMP106,Facebook,3458,274,30,5370,1743,2025-02-11,0.0792,0.1095,2.0809
237,22,Male,Hyderabad,CMP105,Instagram,1439,63,6,696,574,2025-04-19,0.0438,0.0952,0.2125
238,42,Female,Delhi,CMP103,Instagram,2865,365,18,3276,703,2025-01-02,0.1274,0.0493,3.66
239,45,Male,Chennai,CMP101,Email,4314,375,21,3528,1090,2025-02-04,0.0869,0.056,2.2367
240,53,Female,Bangalore,CMP106,Facebook,1752,310,69,10695,1647,2025-02-16,0.1769,0.2226,5.4936
241,33,Male,Chennai,CMP109,Instagram,3966,59,71,6603,829,2025-04-03,0.0149,1.2034,6.965
242,25,Male,Hyderabad,CMP100,Instagram,3391,399,5,495,332,2025-02-26,0.1177,0.0125,0.491
243,54,Male,Chennai,CMP104,Instagram,1075,423,32,5952,1344,2025-03-17,0.3935,0.0757,3.4286
244,32,Male,Hyderabad,CMP105,YouTube,2712,354,48,9120,355,2025-04-18,0.1305,0.1356,24.6901
245,26,Female,Chennai,CMP104,Instagram,1774,494,24,1944,533,2025-01-20,0.2785,0.0486,2.6473
246,23,Male,Pune,CMP104,Google Ads,781,334,5,570,318,2025-04-27,0.4277,0.015,0.7925
247,41,Male,Delhi,CMP101,Facebook,1508,228,16,1584,689,2025-03-30,0.1512,0.0702,1.299
248,40,Female,Pune,CMP105,Instagram,4368,234,43,5805,1446,2025-03-25,0.0536,0.1838,3.0145
249,25,Female,Bangalore,CMP101,Google Ads,4903,385,54,10692,945,2025-03-26,0.0785,0.1403,10.3143
250,22,Male,Mumbai,CMP105,Facebook,628,313,33,5973,1575,2025-02-16,0.4984,0.1054,2.7924
251,27,Female,Bangalore,CMP101,Google Ads,4373,242,59,9971,1342,2025-03-23,0.0553,0.2438,6.43
252,21,Female,Delhi,CMP100,YouTube,4219,352,76,9500,544,2025-01-01,0.0834,0.2159,16.4632
253,45,Male,Delhi,CMP101,Google Ads,3624,353,73,12337,560,2025-04-24,0.0974,0.2068,21.0304
254,42,Male,Chennai,CMP108,Email,1203,112,77,9240,1384,2025-04-27,0.0931,0.6875,5.6763
255,23,Male,Hyderabad,CMP101,Instagram,3730,373,8,784,1837,2025-03-23,0.1,0.0214,-0.5732
256,24,Female,Pune,CMP108,Google Ads,1500,328,79,13193,1864,2025-03-26,0.2187,0.2409,6.0778
257,36,Male,Chennai,CMP108,Facebook,4226,114,75,7500,342,2025-02-02,0.027,0.6579,20.9298
258,28,Female,Bangalore,CMP102,YouTube,4900,273,39,6591,301,2025-03-13,0.0557,0.1429,20.897
259,43,Male,Chennai,CMP107,Google Ads,3389,499,50,8200,1226,2025-02-17,0.1472,0.1002,5.6884
260,22,Male,Hyderabad,CMP101,Google Ads,3001,461,30,2730,864,2025-02-17,0.1536,0.0651,2.1597
261,40,Male,Delhi,CMP105,Instagram,3864,349,19,2413,242,2025-02-15,0.0903,0.0544,8.9711
262,40,Female,Bangalore,CMP106,Facebook,3045,413,47,4700,1204,2025-03-21,0.1356,0.1138,2.9037
263,28,Male,Pune,CMP102,Instagram,2338,166,19,2185,992,2025-01-15,0.071,0.1145,1.2026
264,51,Female,Chennai,CMP103,Instagram,4919,326,17,1666,669,2025-04-22,0.0663,0.0521,1.4903
265,45,Female,Mumbai,CMP102,Instagram,872,101,31,5890,1892,2025-01-08,0.1158,0.3069,2.1131
266,30,Male,Delhi,CMP103,Instagram,605,469,34,2754,1881,2025-03-31,0.7752,0.0725,0.4641
267,27,Male,Hyderabad,CMP106,Email,3916,399,79,13746,1486,2025-01-13,0.1019,0.198,8.2503
268,53,Female,Mumbai,CMP103,Facebook,4154,496,60,7260,1464,2025-03-09,0.1194,0.121,3.959
269,30,Female,Hyderabad,CMP106,Facebook,4457,312,58,7134,1608,2025-01-22,0.07,0.1859,3.4366
270,32,Male,Chennai,CMP109,Google Ads,1800,263,13,1144,1249,2025-03-29,0.1461,0.0494,-0.0841
271,33,Female,Hyderabad,CMP100,Google Ads,2925,170,46,4738,783,2025-01-26,0.0581,0.2706,5.0511
272,53,Male,Hyderabad,CMP106,Google Ads,1816,117,54,5292,863,2025-03-15,0.0644,0.4615,5.1321
273,22,Male,Bangalore,CMP100,Instagram,645,452,40,5360,1192,2025-04-09,0.7008,0.0885,3.4966
274,34,Male,Pune,CMP105,Email,3679,275,37,3700,830,2025-02-17,0.0747,0.1345,3.4578
275,49,Female,Hyderabad,CMP109,Facebook,3352,192,39,5850,1187,2025-03-14,0.0573,0.2031,3.9284
276,19,Male,Pune,CMP102,Email,3137,126,61,6344,1477,2025-01-07,0.0402,0.4841,3.2952
277,28,Female,Bangalore,CMP106,Google Ads,4229,372,46,5428,1597,2025-01-24,0.088,0.1237,2.3989
278,49,Female,Mumbai,CMP106,Instagram,2849,68,72,13032,1441,2025-04-19,0.0239,1.0588,8.0437
279,50,Male,Bangalore,CMP105,YouTube,4631,281,40,3480,272,2025-02-10,0.0607,0.1423,11.7941
280,19,Male,Chennai,CMP104,Instagram,3546,245,17,2363,760,2025-02-13,0.0691,0.0694,2.1092
281,25,Male,Hyderabad,CMP101,Instagram,4110,209,25,4525,975,2025-03-08,0.0509,0.1196,3.641
282,23,Male,Mumbai,CMP101,Google Ads,3561,349,62,10230,1482,2025-03-28,0.098,0.1777,5.9028
283,47,Male,Hyderabad,CMP103,Email,3317,151,39,6474,553,2025-01-08,0.0455,0.2583,10.7071
284,30,Male,Hyderabad,CMP108,Instagram,1161,349,62,9176,1771,2025-02-24,0.3006,0.1777,4.1813
285,33,Male,Pune,CMP100,Email,707,155,66,8844,869,2025-01-16,0.2192,0.4258,9.1772
286,40,Female,Pune,CMP102,Google Ads,2431,185,7,763,1879,2025-04-14,0.0761,0.0378,-0.5939
287,38,Male,Hyderabad,CMP103,Google Ads,2040,409,69,7521,1856,2025-03-11,0.2005,0.1687,3.0523
288,29,Male,Chennai,CMP105,Google Ads,2266,337,37,3515,1212,2025-04-26,0.1487,0.1098,1.9002
289,19,Female,Chennai,CMP108,Google Ads,3285,191,40,4080,680,2025-03-26,0.0581,0.2094,5
290,20,Female,Mumbai,CMP103,Email,3317,298,77,11858,648,2025-03-03,0.0898,0.2584,17.2994
291,39,Female,Chennai,CMP105,Instagram,2189,245,59,6726,461,2025-03-01,0.1119,0.2408,13.59
292,35,Female,Delhi,CMP102,Instagram,743,61,53,6201,241,2025-01-30,0.0821,0.8689,24.7303
293,24,Female,Mumbai,CMP103,YouTube,3787,207,10,1590,1290,2025-01-14,0.0547,0.0483,0.2326
294,44,Male,Chennai,CMP101,Facebook,572,448,25,3625,1898,2025-02-04,0.7832,0.0558,0.9099
295,50,Male,Hyderabad,CMP103,Email,4861,74,70,9310,992,2025-04-05,0.0152,0.9459,8.3851
296,20,Male,Pune,CMP102,Facebook,1633,385,58,7598,437,2025-02-10,0.2358,0.1506,16.3867
297,21,Female,Pune,CMP108,Google Ads,1548,190,12,2124,1116,2025-03-20,0.1227,0.0632,0.9032
298,37,Male,Pune,CMP101,Google Ads,4723,145,17,2669,742,2025-04-03,0.0307,0.1172,2.597
299,40,Female,Delhi,CMP102,YouTube,2994,439,36,2916,242,2025-01-31,0.1466,0.082,11.0496
300,48,Female,Bangalore,CMP107,Google Ads,2453,315,6,540,581,2025-03-20,0.1284,0.019,-0.0706
301,26,Male,Mumbai,CMP102,Google Ads,956,132,13,1300,1322,2025-01-07,0.1381,0.0985,-0.0166
302,34,Male,Chennai,CMP104,Google Ads,899,301,8,1456,1995,2025-04-13,0.3348,0.0266,-0.2702
303,54,Female,Pune,CMP103,Google Ads,1903,357,56,6552,619,2025-03-04,0.1876,0.1569,9.5848
304,31,Female,Hyderabad,CMP106,Google Ads,1267,56,31,5115,291,2025-04-11,0.0442,0.5536,16.5773
305,44,Male,Mumbai,CMP104,YouTube,3145,182,59,8319,585,2025-04-28,0.0579,0.3242,13.2205
306,18,Male,Mumbai,CMP104,YouTube,3208,187,62,5208,1646,2025-03-31,0.0583,0.3316,2.164
307,49,Male,Delhi,CMP103,Facebook,741,262,57,10260,537,2025-03-22,0.3536,0.2176,18.1061
308,43,Female,Bangalore,CMP103,Email,3542,237,15,1500,902,2025-02-03,0.0669,0.0633,0.663
309,38,Male,Delhi,CMP109,Facebook,4335,131,56,6776,1645,2025-01-13,0.0302,0.4275,3.1191
310,26,Female,Mumbai,CMP108,Instagram,3172,154,68,13532,216,2025-01-01,0.0485,0.4416,61.6481
311,38,Male,Chennai,CMP106,Facebook,1071,97,33,2937,1320,2025-02-03,0.0906,0.3402,1.225
312,34,Female,Chennai,CMP106,Instagram,1275,492,76,12008,1144,2025-03-29,0.3859,0.1545,9.4965
313,18,Male,Mumbai,CMP102,Instagram,2648,57,76,12616,1728,2025-01-24,0.0215,1.3333,6.3009
314,48,Male,Chennai,CMP103,Email,3211,66,9,900,347,2025-01-11,0.0206,0.1364,1.5937
315,22,Male,Hyderabad,CMP104,Google Ads,4994,260,11,1177,698,2025-04-04,0.0521,0.0423,0.6862
316,49,Female,Bangalore,CMP100,Instagram,2537,401,12,1068,1543,2025-04-05,0.1581,0.0299,-0.3078
317,32,Female,Chennai,CMP101,Instagram,4219,305,29,4205,528,2025-03-08,0.0723,0.0951,6.964
318,42,Male,Mumbai,CMP109,Facebook,4132,341,72,13248,1813,2025-04-29,0.0825,0.2111,6.3072
319,29,Male,Hyderabad,CMP107,Facebook,4785,304,14,1610,348,2025-01-02,0.0635,0.0461,3.6264
320,33,Female,Bangalore,CMP101,Google Ads,2921,318,57,9918,359,2025-01-11,0.1089,0.1792,26.6267
321,26,Male,Chennai,CMP108,Email,1021,320,21,2037,1135,2025-04-14,0.3134,0.0656,0.7947
322,49,Female,Chennai,CMP102,Google Ads,4197,327,34,4182,1948,2025-02-15,0.0779,0.104,1.1468
323,47,Male,Hyderabad,CMP106,Facebook,2660,425,25,2775,321,2025-02-08,0.1598,0.0588,7.6449
324,30,Female,Bangalore,CMP104,Email,3044,317,51,5100,1753,2025-01-08,0.1041,0.1609,1.9093
325,49,Male,Chennai,CMP105,Email,801,409,11,2057,862,2025-01-22,0.5106,0.0269,1.3863
326,30,Female,Delhi,CMP101,Email,4830,394,26,2808,1059,2025-01-02,0.0816,0.066,1.6516
327,32,Female,Mumbai,CMP102,Google Ads,4808,485,31,5394,1785,2025-01-23,0.1009,0.0639,2.0218
328,50,Female,Chennai,CMP107,Instagram,4683,93,26,3016,1906,2025-01-03,0.0199,0.2796,0.5824
329,47,Male,Chennai,CMP106,Email,1202,167,23,2484,222,2025-04-18,0.1389,0.1377,10.1892
330,33,Male,Bangalore,CMP107,Instagram,1804,177,12,1644,561,2025-01-01,0.0981,0.0678,1.9305
331,49,Female,Delhi,CMP109,Instagram,1784,52,69,12282,1327,2025-04-08,0.0291,1.3269,8.2555
332,44,Male,Bangalore,CMP101,Facebook,4062,59,25,4550,501,2025-02-10,0.0145,0.4237,8.0818
333,39,Female,Pune,CMP109,Email,2659,62,13,1495,699,2025-03-31,0.0233,0.2097,1.1388
334,31,Female,Delhi,CMP108,Instagram,813,103,16,2512,408,2025-02-03,0.1267,0.1553,5.1569
335,21,Female,Chennai,CMP103,Email,3134,449,74,13320,1434,2025-01-20,0.1433,0.1648,8.2887
336,38,Female,Pune,CMP109,Instagram,2429,73,30,4920,1965,2025-02-07,0.0301,0.411,1.5038
337,24,Female,Chennai,CMP103,Instagram,4783,106,49,4704,1243,2025-04-03,0.0222,0.4623,2.7844
338,21,Female,Delhi,CMP107,Facebook,4086,265,62,12090,1278,2025-01-24,0.0649,0.234,8.4601
339,36,Female,Mumbai,CMP100,YouTube,661,207,23,3197,358,2025-03-04,0.3132,0.1111,7.9302
340,48,Male,Chennai,CMP103,Instagram,1163,158,34,6154,1537,2025-03-05,0.1359,0.2152,3.0039
341,50,Male,Mumbai,CMP101,Instagram,2566,481,49,8477,939,2025-03-04,0.1875,0.1019,8.0277
342,50,Male,Mumbai,CMP100,Instagram,2151,162,51,6936,1170,2025-03-11,0.0753,0.3148,4.9282
343,31,Male,Chennai,CMP106,Google Ads,1783,197,51,7599,598,2025-01-09,0.1105,0.2589,11.7074
344,20,Male,Bangalore,CMP100,YouTube,3971,374,65,8385,337,2025-04-04,0.0942,0.1738,23.8813
345,52,Female,Delhi,CMP109,Email,3257,386,55,5390,956,2025-04-25,0.1185,0.1425,4.6381
346,22,Female,Mumbai,CMP103,Facebook,2503,98,25,3575,1297,2025-03-11,0.0392,0.2551,1.7564
347,18,Male,Bangalore,CMP107,Facebook,2125,309,43,4902,1209,2025-02-26,0.1454,0.1392,3.0546
348,48,Female,Delhi,CMP103,Facebook,3159,375,45,5625,1405,2025-01-24,0.1187,0.12,3.0036
349,24,Male,Chennai,CMP102,Facebook,1931,413,34,5814,1565,2025-02-24,0.2139,0.0823,2.715
350,48,Female,Bangalore,CMP109,Google Ads,3791,319,14,1862,1623,2025-03-30,0.0841,0.0439,0.1473
351,53,Male,Delhi,CMP107,Google Ads,704,119,48,5952,1040,2025-04-17,0.169,0.4034,4.7231
352,50,Female,Bangalore,CMP106,YouTube,3143,387,61,8967,1756,2025-03-11,0.1231,0.1576,4.1065
353,32,Male,Bangalore,CMP106,Google Ads,1922,209,79,13193,1371,2025-01-21,0.1087,0.378,8.6229
354,38,Female,Hyderabad,CMP101,Facebook,1949,203,18,2088,1536,2025-03-10,0.1042,0.0887,0.3594
355,36,Male,Delhi,CMP102,Instagram,4170,267,41,5248,1183,2025-03-30,0.064,0.1536,3.4362
356,21,Female,Bangalore,CMP109,YouTube,4979,445,65,7280,624,2025-03-12,0.0894,0.1461,10.6667
357,51,Male,Chennai,CMP109,Email,1097,338,28,3920,1796,2025-02-12,0.3081,0.0828,1.1826
358,23,Female,Chennai,CMP101,Facebook,4169,226,21,3129,1833,2025-03-06,0.0542,0.0929,0.707
359,19,Male,Chennai,CMP109,YouTube,4088,51,26,3536,1335,2025-04-08,0.0125,0.5098,1.6487
360,39,Male,Mumbai,CMP107,Google Ads,3715,417,55,6490,836,2025-04-21,0.1122,0.1319,6.7632
361,49,Female,Delhi,CMP106,Instagram,1110,241,67,9581,760,2025-01-21,0.2171,0.278,11.6066
362,32,Male,Chennai,CMP107,YouTube,1677,432,72,11880,1083,2025-04-14,0.2576,0.1667,9.9695
363,45,Female,Pune,CMP109,Instagram,2249,165,18,3312,1604,2025-04-23,0.0734,0.1091,1.0648
364,52,Female,Bangalore,CMP105,Email,2613,458,7,1232,1267,2025-02-08,0.1753,0.0153,-0.0276
365,22,Female,Bangalore,CMP102,Email,2314,138,54,5292,1650,2025-01-11,0.0596,0.3913,2.2073
366,45,Female,Chennai,CMP108,Facebook,3051,317,78,8034,207,2025-02-05,0.1039,0.2461,37.8116
367,32,Female,Delhi,CMP107,Instagram,984,134,76,6688,766,2025-03-23,0.1362,0.5672,7.7311
368,20,Male,Pune,CMP102,Email,4025,317,6,954,974,2025-01-27,0.0788,0.0189,-0.0205
369,25,Male,Delhi,CMP104,Google Ads,2398,89,37,2960,419,2025-02-01,0.0371,0.4157,6.0644
370,36,Male,Chennai,CMP108,Google Ads,1187,156,8,1192,1189,2025-01-12,0.1314,0.0513,0.0025
371,38,Male,Pune,CMP101,Google Ads,4458,65,5,940,774,2025-01-04,0.0146,0.0769,0.2145
372,22,Female,Mumbai,CMP108,Instagram,1423,151,63,6678,446,2025-01-03,0.1061,0.4172,13.9731
373,22,Female,Hyderabad,CMP102,Instagram,2900,245,29,3045,1129,2025-03-02,0.0845,0.1184,1.6971
374,28,Female,Delhi,CMP101,Email,4047,314,54,8748,845,2025-02-16,0.0776,0.172,9.3527
375,47,Female,Delhi,CMP109,Facebook,2399,262,7,1197,787,2025-04-22,0.1092,0.0267,0.521
376,52,Female,Mumbai,CMP103,Email,3848,205,66,10824,1640,2025-02-03,0.0533,0.322,5.6
377,28,Female,Chennai,CMP108,Email,4636,356,51,6987,537,2025-01-23,0.0768,0.1433,12.0112
378,28,Male,Bangalore,CMP102,Google Ads,3747,433,26,3848,472,2025-02-02,0.1156,0.06,7.1525
379,45,Male,Delhi,CMP106,Google Ads,1223,430,20,3560,1289,2025-03-11,0.3516,0.0465,1.7618
380,20,Female,Chennai,CMP103,Facebook,4719,50,76,12616,1982,2025-02-27,0.0106,1.52,5.3653
381,31,Female,Pune,CMP103,YouTube,1836,166,57,11115,1525,2025-03-17,0.0904,0.3434,6.2885
382,40,Female,Delhi,CMP101,Instagram,892,404,10,1700,1474,2025-04-30,0.4529,0.0248,0.1533
383,36,Female,Hyderabad,CMP103,Google Ads,3097,191,76,8664,901,2025-04-23,0.0617,0.3979,8.616
384,40,Female,Hyderabad,CMP105,Instagram,780,473,18,3258,353,2025-02-17,0.6064,0.0381,8.2295
385,36,Male,Pune,CMP108,Facebook,4588,132,55,6655,1098,2025-01-28,0.0288,0.4167,5.061
386,36,Female,Pune,CMP103,Email,2720,376,67,13266,1296,2025-01-14,0.1382,0.1782,9.2361
387,34,Male,Mumbai,CMP108,Instagram,1643,471,57,6783,875,2025-03-05,0.2867,0.121,6.752
388,52,Male,Bangalore,CMP108,Facebook,3947,357,18,2376,1426,2025-02-28,0.0904,0.0504,0.6662
389,45,Male,Mumbai,CMP107,Instagram,2881,271,45,6615,1931,2025-01-02,0.0941,0.1661,2.4257
390,47,Female,Chennai,CMP102,YouTube,4508,169,59,10148,1239,2025-01-11,0.0375,0.3491,7.1905
391,37,Male,Delhi,CMP104,YouTube,2085,304,25,3175,1548,2025-03-08,0.1458,0.0822,1.051
392,34,Male,Pune,CMP101,Google Ads,2544,250,65,7410,1547,2025-03-29,0.0983,0.26,3.7899
393,29,Male,Mumbai,CMP105,Email,3027,114,12,1992,1524,2025-03-17,0.0377,0.1053,0.3071
394,46,Male,Pune,CMP105,Email,1026,410,23,3013,225,2025-04-14,0.3996,0.0561,12.3911
395,24,Female,Pune,CMP103,Email,2073,325,33,2739,378,2025-01-22,0.1568,0.1015,6.246
396,18,Female,Bangalore,CMP107,Instagram,1078,391,70,11900,1385,2025-03-28,0.3627,0.179,7.5921
397,29,Male,Mumbai,CMP105,Facebook,4505,311,29,2784,1945,2025-03-31,0.069,0.0932,0.4314
398,52,Female,Bangalore,CMP107,YouTube,4878,185,69,11868,640,2025-01-14,0.0379,0.373,17.5438
399,25,Male,Hyderabad,CMP103,YouTube,1955,286,60,5520,1912,2025-04-07,0.1463,0.2098,1.887
400,26,Male,Pune,CMP107,YouTube,840,294,53,7473,903,2025-02-06,0.35,0.1803,7.2757
401,30,Male,Chennai,CMP102,Facebook,1355,326,55,6490,1794,2025-01-11,0.2406,0.1687,2.6176
402,36,Female,Delhi,CMP107,Google Ads,1856,176,50,4000,1780,2025-03-13,0.0948,0.2841,1.2472
403,50,Male,Hyderabad,CMP109,YouTube,3504,158,16,3056,644,2025-04-13,0.0451,0.1013,3.7453
404,44,Female,Bangalore,CMP106,Google Ads,1487,299,73,7592,719,2025-01-30,0.2011,0.2441,9.5591
405,35,Female,Mumbai,CMP101,Email,3552,480,53,8639,1910,2025-03-07,0.1351,0.1104,3.523
406,36,Male,Delhi,CMP107,Facebook,1489,210,40,7200,793,2025-03-25,0.141,0.1905,8.0794
407,19,Male,Bangalore,CMP108,Instagram,4308,381,19,2242,240,2025-03-15,0.0884,0.0499,8.3417
408,35,Male,Hyderabad,CMP102,YouTube,2997,356,79,7347,1489,2025-04-28,0.1188,0.2219,3.9342
409,19,Male,Bangalore,CMP105,Google Ads,1270,133,74,14504,866,2025-01-03,0.1047,0.5564,15.7483
410,29,Female,Chennai,CMP102,Email,3921,345,6,720,1304,2025-04-17,0.088,0.0174,-0.4479
411,38,Male,Pune,CMP100,Instagram,2356,360,49,8820,1185,2025-04-05,0.1528,0.1361,6.443
412,35,Female,Hyderabad,CMP103,Facebook,1931,343,32,4256,476,2025-04-09,0.1776,0.0933,7.9412
413,51,Male,Hyderabad,CMP102,YouTube,4000,424,77,8393,1857,2025-03-08,0.106,0.1816,3.5197
414,28,Male,Hyderabad,CMP109,Email,3743,384,45,4590,1286,2025-02-26,0.1026,0.1172,2.5692
415,45,Female,Mumbai,CMP104,Google Ads,1641,149,37,4181,878,2025-01-07,0.0908,0.2483,3.762
416,37,Male,Hyderabad,CMP102,Instagram,3767,470,60,8640,1032,2025-01-29,0.1248,0.1277,7.3721
417,48,Female,Delhi,CMP100,Email,3773,493,22,2684,1642,2025-04-23,0.1307,0.0446,0.6346
418,29,Male,Pune,CMP105,Google Ads,2329,113,73,8249,1615,2025-03-06,0.0485,0.646,4.1077
419,41,Male,Delhi,CMP102,Facebook,1554,437,54,5886,1036,2025-03-16,0.2812,0.1236,4.6815
420,23,Male,Pune,CMP104,Facebook,1678,479,68,8840,1457,2025-01-30,0.2855,0.142,5.0673
421,52,Female,Bangalore,CMP106,YouTube,4509,171,41,7380,369,2025-01-06,0.0379,0.2398,19
422,34,Male,Pune,CMP105,Instagram,1285,250,33,4554,276,2025-03-09,0.1946,0.132,15.5
423,39,Female,Delhi,CMP104,Google Ads,3640,214,53,9964,873,2025-03-28,0.0588,0.2477,10.4135
424,38,Male,Chennai,CMP104,Instagram,1446,436,46,5106,1577,2025-02-13,0.3015,0.1055,2.2378
425,45,Male,Chennai,CMP107,Facebook,638,408,72,5760,1722,2025-04-09,0.6395,0.1765,2.3449
426,34,Female,Chennai,CMP102,Facebook,1634,403,15,1950,1195,2025-03-23,0.2466,0.0372,0.6318
427,54,Female,Delhi,CMP106,Google Ads,2651,263,28,2744,961,2025-03-26,0.0992,0.1065,1.8554
428,53,Female,Bangalore,CMP105,Instagram,3067,333,9,1620,856,2025-01-19,0.1086,0.027,0.8925
429,29,Female,Hyderabad,CMP105,Instagram,2546,113,15,1890,1908,2025-01-21,0.0444,0.1327,-0.0094
430,37,Female,Pune,CMP108,Email,4329,444,9,1215,1176,2025-02-15,0.1026,0.0203,0.0332
431,49,Male,Chennai,CMP105,YouTube,1382,196,30,5610,1527,2025-02-24,0.1418,0.1531,2.6739
432,32,Male,Hyderabad,CMP108,Email,2110,466,66,6732,1439,2025-04-25,0.2209,0.1416,3.6782
433,35,Female,Hyderabad,CMP102,YouTube,4325,228,57,9690,1173,2025-02-16,0.0527,0.25,7.2609
434,26,Female,Mumbai,CMP107,YouTube,4322,309,11,1254,564,2025-04-26,0.0715,0.0356,1.2234
435,20,Female,Chennai,CMP104,Instagram,2884,418,76,10792,346,2025-01-13,0.1449,0.1818,30.1908
436,49,Male,Pune,CMP105,Facebook,1442,238,35,6755,919,2025-04-03,0.165,0.1471,6.3504
437,33,Male,Bangalore,CMP101,Email,4406,103,14,1400,519,2025-02-10,0.0234,0.1359,1.6975
438,47,Male,Mumbai,CMP102,Google Ads,4235,84,60,8160,1509,2025-01-19,0.0198,0.7143,4.4076
439,20,Male,Pune,CMP100,Google Ads,2811,331,75,6450,741,2025-02-05,0.1178,0.2266,7.7045
440,30,Female,Mumbai,CMP107,YouTube,524,86,5,580,1110,2025-01-08,0.1641,0.0581,-0.4775
441,53,Female,Pune,CMP102,YouTube,2735,177,77,6160,1350,2025-03-07,0.0647,0.435,3.563
442,31,Female,Pune,CMP103,Email,3675,72,13,1625,1001,2025-01-30,0.0196,0.1806,0.6234
443,20,Female,Delhi,CMP101,YouTube,2514,407,79,11929,1578,2025-02-14,0.1619,0.1941,6.5596
444,34,Male,Delhi,CMP106,Google Ads,4144,132,20,2380,1289,2025-02-03,0.0319,0.1515,0.8464
445,51,Female,Delhi,CMP106,Google Ads,1997,62,60,6600,310,2025-03-08,0.031,0.9677,20.2903
446,46,Male,Pune,CMP106,Google Ads,3451,264,59,11623,1250,2025-02-22,0.0765,0.2235,8.2984
447,30,Male,Chennai,CMP104,Google Ads,4378,370,21,2289,1456,2025-01-19,0.0845,0.0568,0.5721
448,34,Female,Hyderabad,CMP106,Facebook,4358,362,29,3190,925,2025-01-23,0.0831,0.0801,2.4486
449,31,Female,Delhi,CMP101,Facebook,2089,101,24,4632,359,2025-01-28,0.0483,0.2376,11.9025
450,47,Male,Delhi,CMP103,Google Ads,1511,102,28,2828,1046,2025-03-18,0.0675,0.2745,1.7036
451,51,Female,Hyderabad,CMP108,Google Ads,1535,168,35,5635,1513,2025-03-17,0.1094,0.2083,2.7244
452,34,Male,Pune,CMP106,Email,1764,398,30,4950,1319,2025-03-29,0.2256,0.0754,2.7528
453,46,Male,Bangalore,CMP108,YouTube,1317,313,45,6660,589,2025-03-06,0.2377,0.1438,10.3073
454,53,Female,Delhi,CMP101,Email,4732,460,38,5586,627,2025-01-15,0.0972,0.0826,7.9091
455,29,Female,Bangalore,CMP102,Email,1318,190,53,10123,397,2025-02-06,0.1442,0.2789,24.4987
456,44,Female,Bangalore,CMP108,Facebook,2948,235,33,4587,1128,2025-04-30,0.0797,0.1404,3.0665
457,54,Male,Pune,CMP100,Facebook,4618,262,25,2300,434,2025-01-24,0.0567,0.0954,4.2995
458,47,Female,Hyderabad,CMP108,Email,1022,322,72,7488,630,2025-01-21,0.3151,0.2236,10.8857
459,45,Male,Hyderabad,CMP108,Facebook,1816,347,21,4137,1324,2025-04-09,0.1911,0.0605,2.1246
460,54,Female,Pune,CMP103,Facebook,3874,195,75,12075,1236,2025-01-31,0.0503,0.3846,8.7694
461,50,Female,Delhi,CMP103,Email,4924,215,79,13035,1151,2025-04-19,0.0437,0.3674,10.3249
462,24,Female,Chennai,CMP103,YouTube,2378,222,38,3306,1951,2025-01-18,0.0934,0.1712,0.6945
463,18,Female,Hyderabad,CMP103,Email,1439,198,32,4256,687,2025-01-21,0.1376,0.1616,5.1951
464,27,Female,Delhi,CMP104,Google Ads,3823,284,17,2176,1536,2025-02-13,0.0743,0.0599,0.4167
465,41,Female,Pune,CMP101,Email,2600,123,50,5800,1748,2025-03-27,0.0473,0.4065,2.3181
466,34,Female,Bangalore,CMP105,YouTube,4993,187,39,7410,586,2025-04-26,0.0375,0.2086,11.6451
467,18,Male,Mumbai,CMP103,Instagram,4766,458,64,11584,1057,2025-04-29,0.0961,0.1397,9.9593
468,45,Male,Mumbai,CMP109,Instagram,3727,321,51,9333,664,2025-03-17,0.0861,0.1589,13.0557
469,47,Female,Hyderabad,CMP108,Google Ads,4366,230,46,5796,1922,2025-02-03,0.0527,0.2,2.0156
470,24,Female,Hyderabad,CMP103,YouTube,3962,273,29,3886,232,2025-02-26,0.0689,0.1062,15.75
471,53,Male,Pune,CMP106,Instagram,4209,61,20,2440,919,2025-04-10,0.0145,0.3279,1.6551
472,40,Male,Mumbai,CMP108,YouTube,4902,209,79,13904,975,2025-04-30,0.0426,0.378,13.2605
473,20,Male,Bangalore,CMP108,Google Ads,3616,263,63,11529,843,2025-01-29,0.0727,0.2395,12.6762
474,40,Male,Bangalore,CMP109,Google Ads,3157,275,32,5056,1428,2025-01-04,0.0871,0.1164,2.5406
475,28,Male,Hyderabad,CMP105,YouTube,892,168,9,1467,807,2025-04-15,0.1883,0.0536,0.8178
476,43,Male,Mumbai,CMP108,YouTube,2052,108,75,10200,561,2025-01-10,0.0526,0.6944,17.1818
477,48,Female,Chennai,CMP100,Facebook,960,230,76,11172,1583,2025-02-18,0.2396,0.3304,6.0575
478,48,Male,Chennai,CMP108,Facebook,3673,265,58,7888,1923,2025-02-15,0.0721,0.2189,3.1019
479,28,Female,Mumbai,CMP107,Instagram,3813,331,9,1179,1819,2025-02-23,0.0868,0.0272,-0.3518
480,49,Female,Mumbai,CMP109,Google Ads,2196,483,42,3948,1961,2025-01-21,0.2199,0.087,1.0133
481,35,Male,Chennai,CMP109,Instagram,3000,439,42,6930,1797,2025-02-15,0.1463,0.0957,2.8564
482,46,Female,Delhi,CMP107,Google Ads,2432,272,7,595,1189,2025-02-13,0.1118,0.0257,-0.4996
483,28,Male,Pune,CMP101,Google Ads,992,284,37,7067,1944,2025-01-11,0.2863,0.1303,2.6353
484,52,Male,Delhi,CMP107,YouTube,4063,119,45,6615,471,2025-03-05,0.0293,0.3782,13.0446
485,35,Female,Bangalore,CMP102,Facebook,2993,381,15,2520,556,2025-03-28,0.1273,0.0394,3.5324
486,46,Female,Chennai,CMP101,Facebook,1369,423,30,2490,1613,2025-01-17,0.309,0.0709,0.5437
487,25,Male,Chennai,CMP109,Email,744,385,70,13860,1129,2025-01-08,0.5175,0.1818,11.2764
488,34,Male,Pune,CMP103,Facebook,3025,401,69,8142,1650,2025-03-29,0.1326,0.1721,3.9345
489,27,Female,Delhi,CMP103,Email,3301,391,48,5568,336,2025-04-11,0.1184,0.1228,15.5714
490,38,Male,Delhi,CMP107,Email,4083,205,46,5612,1478,2025-02-11,0.0502,0.2244,2.797
491,39,Male,Mumbai,CMP104,YouTube,2869,104,76,12920,1143,2025-01-27,0.0362,0.7308,10.3036
492,27,Female,Bangalore,CMP103,Instagram,3436,398,71,8804,1876,2025-01-09,0.1158,0.1784,3.693
493,18,Male,Delhi,CMP108,Google Ads,1961,297,31,6014,745,2025-04-03,0.1515,0.1044,7.0725
494,47,Male,Hyderabad,CMP102,Google Ads,4922,290,71,7029,1179,2025-04-09,0.0589,0.2448,4.9618
495,46,Female,Delhi,CMP103,Email,4196,408,21,2604,473,2025-02-22,0.0972,0.0515,4.5053
496,18,Female,Pune,CMP109,Facebook,3662,131,72,13896,1160,2025-01-26,0.0358,0.5496,10.9793
497,22,Female,Delhi,CMP109,Facebook,4199,392,14,2156,514,2025-03-06,0.0934,0.0357,3.1946
498,22,Female,Hyderabad,CMP107,Google Ads,2901,286,45,6615,932,2025-02-20,0.0986,0.1573,6.0976
499,24,Female,Hyderabad,CMP106,Google Ads,1160,148,30,5640,602,2025-03-12,0.1276,0.2027,8.3688
500,46,Female,Delhi,CMP107,Google Ads,2679,328,19,3705,953,2025-02-10,0.1224,0.0579,2.8877
501,44,Female,Bangalore,CMP103,Facebook,1891,196,50,9450,1123,2025-01-15,0.1036,0.2551,7.415
502,41,Male,Mumbai,CMP107,Facebook,4566,470,5,950,906,2025-03-04,0.1029,0.0106,0.0486
503,40,Male,Mumbai,CMP104,Email,4107,73,8,1088,489,2025-04-30,0.0178,0.1096,1.2249
504,23,Female,Chennai,CMP104,Instagram,778,414,73,9636,1062,2025-02-26,0.5321,0.1763,8.0734
505,38,Male,Pune,CMP103,YouTube,2173,217,11,1287,1838,2025-01-03,0.0999,0.0507,-0.2998
506,53,Female,Bangalore,CMP108,Facebook,883,228,51,5967,1043,2025-03-10,0.2582,0.2237,4.721
507,54,Male,Pune,CMP108,Email,3914,363,54,7614,1765,2025-04-22,0.0927,0.1488,3.3139
508,33,Female,Pune,CMP107,Email,705,234,51,6018,1963,2025-01-22,0.3319,0.2179,2.0657
509,48,Female,Mumbai,CMP109,Facebook,4808,359,25,2375,952,2025-03-15,0.0747,0.0696,1.4947
510,39,Male,Bangalore,CMP108,Facebook,4849,58,15,1335,1703,2025-01-17,0.012,0.2586,-0.2161
511,38,Male,Bangalore,CMP104,Facebook,4407,97,56,5824,1334,2025-04-12,0.022,0.5773,3.3658
512,53,Female,Delhi,CMP100,YouTube,3300,370,67,8710,1952,2025-04-15,0.1121,0.1811,3.4621
513,40,Male,Hyderabad,CMP109,Instagram,4699,320,43,3440,1421,2025-02-08,0.0681,0.1344,1.4208
514,46,Female,Pune,CMP108,Instagram,1008,175,61,6893,1816,2025-01-13,0.1736,0.3486,2.7957
515,34,Female,Hyderabad,CMP100,Facebook,4857,389,56,4592,444,2025-03-17,0.0801,0.144,9.3423
516,34,Male,Delhi,CMP102,Email,2403,224,59,8496,391,2025-03-31,0.0932,0.2634,20.7289
517,35,Female,Mumbai,CMP100,Facebook,4354,149,36,5292,1063,2025-03-24,0.0342,0.2416,3.9784
518,50,Male,Mumbai,CMP101,Google Ads,542,421,39,6123,687,2025-03-02,0.7768,0.0926,7.9127
519,36,Female,Pune,CMP104,Instagram,3886,462,10,1760,1088,2025-03-06,0.1189,0.0216,0.6176
520,52,Male,Bangalore,CMP102,Google Ads,1976,332,10,920,1199,2025-03-17,0.168,0.0301,-0.2327
521,37,Female,Hyderabad,CMP103,Google Ads,4163,428,47,7896,1681,2025-02-13,0.1028,0.1098,3.6972
522,54,Male,Chennai,CMP107,Email,3722,51,26,3536,1082,2025-01-07,0.0137,0.5098,2.268
523,36,Male,Delhi,CMP102,Email,3777,489,71,6745,1849,2025-03-23,0.1295,0.1452,2.6479
524,44,Male,Mumbai,CMP100,Instagram,612,61,57,4788,530,2025-01-06,0.0997,0.9344,8.034
525,50,Female,Delhi,CMP101,Google Ads,3668,54,61,9028,1045,2025-04-22,0.0147,1.1296,7.6392
526,21,Male,Bangalore,CMP100,Google Ads,4060,68,73,12629,1673,2025-01-13,0.0167,1.0735,6.5487
527,46,Male,Mumbai,CMP107,Facebook,4265,440,18,1764,414,2025-01-20,0.1032,0.0409,3.2609
528,46,Male,Mumbai,CMP109,Facebook,3261,410,61,10309,1615,2025-01-17,0.1257,0.1488,5.3833
529,22,Female,Pune,CMP101,YouTube,2869,55,62,6634,1548,2025-03-31,0.0192,1.1273,3.2855
530,27,Male,Hyderabad,CMP101,Facebook,4302,226,75,6150,1218,2025-03-30,0.0525,0.3319,4.0493
531,39,Female,Hyderabad,CMP109,Google Ads,707,51,28,3276,785,2025-02-12,0.0721,0.549,3.1732
532,37,Male,Pune,CMP108,Instagram,3866,268,33,5973,1718,2025-02-23,0.0693,0.1231,2.4767
533,19,Male,Pune,CMP104,Instagram,2695,157,23,4094,795,2025-02-03,0.0583,0.1465,4.1497
534,49,Female,Bangalore,CMP105,YouTube,2242,332,14,2464,272,2025-04-15,0.1481,0.0422,8.0588
535,18,Female,Mumbai,CMP102,Email,4695,108,6,882,612,2025-01-26,0.023,0.0556,0.4412
536,39,Male,Delhi,CMP103,Google Ads,3494,97,25,4975,1090,2025-04-08,0.0278,0.2577,3.5642
537,21,Female,Bangalore,CMP106,Email,2961,74,32,6144,1672,2025-02-18,0.025,0.4324,2.6746
538,49,Male,Mumbai,CMP105,Google Ads,582,434,14,2128,1643,2025-02-17,0.7457,0.0323,0.2952
539,52,Female,Mumbai,CMP103,YouTube,3204,379,31,3999,253,2025-03-26,0.1183,0.0818,14.8063
540,44,Female,Hyderabad,CMP109,Facebook,4962,320,8,1216,1828,2025-01-19,0.0645,0.025,-0.3348
541,37,Male,Chennai,CMP107,YouTube,1359,322,47,5640,576,2025-02-08,0.2369,0.146,8.7917
542,50,Female,Bangalore,CMP108,Facebook,868,294,27,4725,1334,2025-04-20,0.3387,0.0918,2.542
543,28,Female,Chennai,CMP101,Facebook,4664,348,52,6188,1001,2025-03-08,0.0746,0.1494,5.1818
544,35,Female,Bangalore,CMP106,Facebook,4401,363,37,3515,530,2025-01-10,0.0825,0.1019,5.6321
545,30,Male,Hyderabad,CMP107,Google Ads,1861,87,23,3174,1387,2025-02-15,0.0467,0.2644,1.2884
546,44,Female,Pune,CMP107,Email,2934,407,69,13731,1214,2025-02-20,0.1387,0.1695,10.3105
547,42,Female,Hyderabad,CMP106,Facebook,993,258,77,6545,708,2025-04-23,0.2598,0.2984,8.2444
548,35,Male,Chennai,CMP107,Instagram,4527,333,58,5104,748,2025-02-28,0.0736,0.1742,5.8235
549,53,Female,Hyderabad,CMP101,Instagram,3317,494,62,8618,562,2025-04-17,0.1489,0.1255,14.3345
550,28,Male,Bangalore,CMP109,Facebook,1858,141,22,2222,262,2025-02-26,0.0759,0.156,7.4809
551,41,Male,Mumbai,CMP103,Facebook,4851,184,65,8645,1074,2025-04-02,0.0379,0.3533,7.0493
552,18,Male,Chennai,CMP105,Google Ads,3778,178,59,9263,1226,2025-02-07,0.0471,0.3315,6.5555
553,24,Male,Mumbai,CMP102,Email,1424,182,78,7800,1059,2025-04-19,0.1278,0.4286,6.3654
554,44,Female,Hyderabad,CMP107,Instagram,1302,118,5,455,395,2025-04-16,0.0906,0.0424,0.1519
555,41,Female,Chennai,CMP108,Google Ads,4106,202,25,3550,260,2025-04-19,0.0492,0.1238,12.6538
556,33,Female,Hyderabad,CMP100,YouTube,3091,104,9,1701,1771,2025-04-23,0.0336,0.0865,-0.0395
557,52,Female,Bangalore,CMP106,YouTube,1736,366,13,2522,1229,2025-01-22,0.2108,0.0355,1.0521
558,34,Male,Chennai,CMP106,Google Ads,2972,167,9,1494,1649,2025-03-21,0.0562,0.0539,-0.094
559,54,Male,Bangalore,CMP106,Instagram,3442,263,77,14630,1508,2025-01-13,0.0764,0.2928,8.7016
560,38,Male,Bangalore,CMP101,YouTube,4129,421,27,2592,1268,2025-04-11,0.102,0.0641,1.0442
561,50,Female,Mumbai,CMP100,Google Ads,1145,157,22,2222,1829,2025-04-17,0.1371,0.1401,0.2149
562,53,Male,Hyderabad,CMP101,Instagram,998,171,14,2716,1219,2025-03-14,0.1713,0.0819,1.2281
563,36,Female,Pune,CMP105,Facebook,4111,60,43,5418,446,2025-01-15,0.0146,0.7167,11.148
564,26,Male,Delhi,CMP100,Google Ads,3953,461,28,5208,1807,2025-03-03,0.1166,0.0607,1.8821
565,18,Female,Pune,CMP101,YouTube,4052,68,71,8449,529,2025-04-08,0.0168,1.0441,14.9716
566,30,Male,Bangalore,CMP100,Instagram,4736,295,5,860,1129,2025-04-27,0.0623,0.0169,-0.2383
567,43,Male,Pune,CMP100,Facebook,3888,462,43,7181,839,2025-03-12,0.1188,0.0931,7.559
568,18,Female,Hyderabad,CMP100,Email,1848,331,53,4558,1674,2025-03-03,0.1791,0.1601,1.7228
569,49,Male,Hyderabad,CMP109,Google Ads,750,302,7,756,1430,2025-01-16,0.4027,0.0232,-0.4713
570,18,Male,Mumbai,CMP108,YouTube,4393,205,77,10395,831,2025-03-27,0.0467,0.3756,11.509
571,24,Female,Hyderabad,CMP102,YouTube,2972,413,55,10120,829,2025-01-19,0.139,0.1332,11.2075
572,47,Male,Pune,CMP108,Google Ads,4508,478,19,1710,1098,2025-04-14,0.106,0.0397,0.5574
573,25,Male,Delhi,CMP105,Facebook,2982,433,52,9100,393,2025-01-06,0.1452,0.1201,22.1552
574,45,Female,Hyderabad,CMP103,Instagram,3263,288,61,9638,491,2025-02-26,0.0883,0.2118,18.6293
575,32,Female,Hyderabad,CMP103,Facebook,3620,222,70,8680,532,2025-03-05,0.0613,0.3153,15.3158
576,31,Male,Hyderabad,CMP107,Instagram,4816,172,71,9443,202,2025-02-28,0.0357,0.4128,45.7475
577,49,Male,Hyderabad,CMP101,Google Ads,3121,181,64,11136,1042,2025-03-03,0.058,0.3536,9.6871
578,51,Male,Hyderabad,CMP107,Instagram,1779,98,13,1430,547,2025-03-20,0.0551,0.1327,1.6143
579,54,Male,Chennai,CMP106,YouTube,2455,185,77,10549,449,2025-04-06,0.0754,0.4162,22.4944
580,24,Male,Mumbai,CMP108,Google Ads,3885,258,68,7344,243,2025-04-02,0.0664,0.2636,29.2222
581,40,Female,Chennai,CMP102,Instagram,2425,462,62,5890,600,2025-01-21,0.1905,0.1342,8.8167
582,30,Male,Mumbai,CMP105,Facebook,1303,294,66,10230,1137,2025-01-16,0.2256,0.2245,7.9974
583,19,Male,Hyderabad,CMP109,Facebook,4091,153,63,11844,1263,2025-02-13,0.0374,0.4118,8.3777
584,43,Male,Chennai,CMP106,Email,4990,256,6,546,1401,2025-01-18,0.0513,0.0234,-0.6103
585,20,Female,Delhi,CMP105,Facebook,883,111,42,7980,704,2025-03-08,0.1257,0.3784,10.3352
586,49,Male,Mumbai,CMP104,Facebook,3793,110,5,620,1189,2025-04-20,0.029,0.0455,-0.4786
587,32,Male,Hyderabad,CMP103,Instagram,1422,405,11,2002,1809,2025-04-06,0.2848,0.0272,0.1067
588,37,Female,Pune,CMP100,YouTube,2314,424,74,13320,1563,2025-01-28,0.1832,0.1745,7.5221
589,23,Male,Delhi,CMP104,Facebook,4987,306,41,4141,774,2025-04-06,0.0614,0.134,4.3501
590,23,Female,Bangalore,CMP108,YouTube,2040,365,50,6350,889,2025-02-25,0.1789,0.137,6.1429
591,30,Female,Bangalore,CMP105,YouTube,865,236,33,6039,654,2025-01-18,0.2728,0.1398,8.2339
592,37,Female,Pune,CMP109,Facebook,2878,231,42,4452,887,2025-03-08,0.0803,0.1818,4.0192
593,33,Female,Delhi,CMP100,Instagram,4960,396,39,3666,550,2025-02-04,0.0798,0.0985,5.6655
594,28,Male,Delhi,CMP104,YouTube,3006,236,25,3325,698,2025-02-04,0.0785,0.1059,3.7636
595,49,Female,Mumbai,CMP103,YouTube,665,464,28,3584,313,2025-02-01,0.6977,0.0603,10.4505
596,33,Female,Delhi,CMP104,Email,4339,284,62,5084,1578,2025-03-26,0.0655,0.2183,2.2218
597,46,Female,Mumbai,CMP102,Email,3696,187,29,4060,267,2025-02-12,0.0506,0.1551,14.206
598,37,Female,Pune,CMP102,YouTube,4021,123,65,6760,1138,2025-03-28,0.0306,0.5285,4.9402
599,22,Male,Bangalore,CMP102,Email,1150,159,59,8732,739,2025-01-21,0.1383,0.3711,10.816
600,37,Female,Mumbai,CMP105,Email,3327,99,8,1536,1981,2025-01-25,0.0298,0.0808,-0.2246
601,44,Female,Bangalore,CMP106,YouTube,1537,252,36,3492,388,2025-02-23,0.164,0.1429,8
602,42,Male,Bangalore,CMP108,YouTube,1598,326,48,7968,1868,2025-02-23,0.204,0.1472,3.2655
603,21,Female,Chennai,CMP100,Google Ads,3005,455,69,10350,1287,2025-01-15,0.1514,0.1516,7.042
604,31,Female,Hyderabad,CMP101,YouTube,1115,455,51,8772,920,2025-01-20,0.4081,0.1121,8.5348
605,29,Male,Hyderabad,CMP107,Instagram,1635,466,63,9954,1266,2025-04-28,0.285,0.1352,6.8626
606,30,Female,Pune,CMP101,Facebook,3190,205,60,10380,289,2025-02-06,0.0643,0.2927,34.917
607,28,Male,Chennai,CMP107,Facebook,1444,279,70,7350,1661,2025-04-18,0.1932,0.2509,3.425
608,43,Male,Hyderabad,CMP100,Facebook,4382,199,24,2592,1231,2025-03-25,0.0454,0.1206,1.1056
609,44,Male,Mumbai,CMP104,YouTube,1441,367,11,1364,1175,2025-03-28,0.2547,0.03,0.1609
610,54,Female,Mumbai,CMP109,Facebook,3827,122,39,6357,378,2025-03-22,0.0319,0.3197,15.8175
611,48,Female,Bangalore,CMP104,Google Ads,3794,168,61,9638,1487,2025-04-04,0.0443,0.3631,5.4815
612,36,Male,Bangalore,CMP101,Email,4356,113,46,4968,1573,2025-02-19,0.0259,0.4071,2.1583
613,41,Male,Mumbai,CMP109,Google Ads,1594,413,62,6138,962,2025-02-01,0.2591,0.1501,5.3805
614,25,Male,Delhi,CMP107,Facebook,3655,436,41,4879,1861,2025-04-18,0.1193,0.094,1.6217
615,25,Male,Chennai,CMP107,Instagram,2603,456,15,2145,309,2025-03-01,0.1752,0.0329,5.9417
616,30,Female,Mumbai,CMP103,Email,1149,88,32,3680,1272,2025-04-11,0.0766,0.3636,1.8931
617,41,Male,Pune,CMP107,YouTube,4365,135,8,1288,1446,2025-03-28,0.0309,0.0593,-0.1093
618,22,Female,Pune,CMP105,YouTube,4213,80,15,2625,1525,2025-01-10,0.019,0.1875,0.7213
619,40,Female,Mumbai,CMP100,Google Ads,1947,177,28,3444,1578,2025-03-06,0.0909,0.1582,1.1825
620,51,Female,Hyderabad,CMP108,YouTube,3818,272,61,11285,1662,2025-01-22,0.0712,0.2243,5.79
621,32,Male,Pune,CMP106,Facebook,1187,67,44,8140,1622,2025-02-08,0.0564,0.6567,4.0185
622,43,Female,Delhi,CMP104,Google Ads,3396,81,13,1287,239,2025-03-23,0.0239,0.1605,4.3849
623,36,Female,Pune,CMP106,YouTube,1344,257,77,11935,646,2025-04-09,0.1912,0.2996,17.4752
624,21,Female,Chennai,CMP108,Google Ads,4643,67,20,2360,1662,2025-04-06,0.0144,0.2985,0.42
625,43,Female,Chennai,CMP105,Instagram,3377,446,10,1560,1178,2025-01-04,0.1321,0.0224,0.3243
626,45,Female,Pune,CMP104,Facebook,2074,121,29,3219,1044,2025-04-04,0.0583,0.2397,2.0833
627,25,Male,Bangalore,CMP106,Google Ads,2166,286,26,3042,807,2025-03-13,0.132,0.0909,2.7695
628,20,Female,Chennai,CMP100,Facebook,2553,255,36,3204,1834,2025-02-28,0.0999,0.1412,0.747
629,42,Female,Bangalore,CMP108,YouTube,848,304,73,9563,1925,2025-01-31,0.3585,0.2401,3.9678
630,37,Female,Bangalore,CMP103,Email,3309,133,26,2392,587,2025-03-18,0.0402,0.1955,3.075
631,32,Male,Chennai,CMP100,Instagram,836,487,40,3200,680,2025-01-24,0.5825,0.0821,3.7059
632,25,Female,Mumbai,CMP109,Facebook,3629,377,27,4077,1909,2025-04-21,0.1039,0.0716,1.1357
633,45,Male,Pune,CMP108,Email,3246,318,43,8256,1452,2025-03-02,0.098,0.1352,4.686
634,34,Female,Hyderabad,CMP106,Google Ads,3843,424,6,966,957,2025-01-13,0.1103,0.0142,0.0094
635,47,Female,Pune,CMP104,Facebook,997,270,17,2788,1394,2025-04-22,0.2708,0.063,1
636,27,Female,Hyderabad,CMP104,Facebook,3483,165,19,2489,1424,2025-03-28,0.0474,0.1152,0.7479
637,26,Male,Bangalore,CMP105,Instagram,2931,229,34,4624,616,2025-04-21,0.0781,0.1485,6.5065
638,26,Male,Pune,CMP100,Google Ads,3572,93,79,12561,1321,2025-04-19,0.026,0.8495,8.5087
639,18,Female,Pune,CMP107,Email,3451,121,31,2821,1413,2025-02-11,0.0351,0.2562,0.9965
640,50,Male,Hyderabad,CMP109,Email,1382,188,47,4512,1062,2025-04-03,0.136,0.25,3.2486
641,23,Male,Hyderabad,CMP105,YouTube,2248,390,44,5940,1630,2025-02-19,0.1735,0.1128,2.6442
642,52,Female,Pune,CMP102,Google Ads,992,241,58,10672,1935,2025-01-11,0.2429,0.2407,4.5152
643,36,Male,Chennai,CMP106,Instagram,1316,198,70,12810,1286,2025-01-28,0.1505,0.3535,8.9611
644,45,Male,Pune,CMP101,Facebook,2542,322,10,1350,1370,2025-02-07,0.1267,0.0311,-0.0146
645,53,Male,Chennai,CMP109,Facebook,3690,342,72,12168,1949,2025-01-13,0.0927,0.2105,5.2432
646,53,Female,Pune,CMP106,Facebook,807,107,36,6624,1176,2025-03-01,0.1326,0.3364,4.6327
647,45,Female,Chennai,CMP100,Email,2017,132,62,11036,451,2025-02-11,0.0654,0.4697,23.4701
648,29,Male,Bangalore,CMP107,Email,4805,353,44,6248,808,2025-03-29,0.0735,0.1246,6.7327
649,29,Female,Mumbai,CMP107,Facebook,4505,460,13,1235,566,2025-04-29,0.1021,0.0283,1.182
650,26,Male,Bangalore,CMP109,Instagram,3296,74,38,3914,1802,2025-01-20,0.0225,0.5135,1.172
651,20,Female,Delhi,CMP109,YouTube,3581,260,71,5964,351,2025-01-27,0.0726,0.2731,15.9915
652,43,Male,Mumbai,CMP101,YouTube,3011,162,19,2945,1386,2025-03-28,0.0538,0.1173,1.1248
653,40,Male,Delhi,CMP106,YouTube,2898,483,16,1328,1694,2025-04-22,0.1667,0.0331,-0.2161
654,38,Female,Pune,CMP108,Google Ads,628,295,70,5740,869,2025-03-25,0.4697,0.2373,5.6053
655,32,Male,Mumbai,CMP109,YouTube,1127,263,66,12870,1704,2025-04-20,0.2334,0.251,6.5528
656,22,Male,Pune,CMP105,Instagram,1474,351,29,4843,988,2025-04-23,0.2381,0.0826,3.9018
657,52,Female,Delhi,CMP105,Instagram,1826,140,22,3762,860,2025-04-14,0.0767,0.1571,3.3744
658,27,Male,Chennai,CMP108,Instagram,2186,241,71,13703,1775,2025-02-21,0.1102,0.2946,6.72
659,22,Female,Mumbai,CMP109,Google Ads,1508,249,79,11297,772,2025-04-19,0.1651,0.3173,13.6334
660,46,Male,Chennai,CMP104,Instagram,2216,360,41,5658,255,2025-03-14,0.1625,0.1139,21.1882
661,47,Male,Delhi,CMP106,Instagram,3299,51,69,9591,559,2025-03-31,0.0155,1.3529,16.1574
662,45,Female,Hyderabad,CMP109,Email,3264,428,76,10640,1159,2025-04-04,0.1311,0.1776,8.1803
663,51,Male,Bangalore,CMP106,Facebook,3004,152,62,11780,1919,2025-01-31,0.0506,0.4079,5.1386
664,54,Female,Mumbai,CMP100,Email,2087,394,5,505,1662,2025-03-06,0.1888,0.0127,-0.6961
665,34,Female,Hyderabad,CMP105,Google Ads,3762,231,46,7268,604,2025-02-07,0.0614,0.1991,11.0331
666,34,Male,Pune,CMP100,Instagram,3158,257,12,1512,901,2025-04-28,0.0814,0.0467,0.6781
667,31,Female,Pune,CMP105,Email,3149,190,21,3360,365,2025-02-04,0.0603,0.1105,8.2055
668,44,Male,Mumbai,CMP100,Instagram,1762,121,65,8645,854,2025-01-31,0.0687,0.5372,9.123
669,39,Male,Hyderabad,CMP109,YouTube,1768,212,64,9472,205,2025-02-18,0.1199,0.3019,45.2049
670,22,Female,Hyderabad,CMP109,YouTube,906,266,38,4788,225,2025-01-20,0.2936,0.1429,20.28
671,35,Male,Chennai,CMP103,Email,4985,247,63,12159,1671,2025-01-17,0.0495,0.2551,6.2765
672,32,Female,Delhi,CMP102,Email,1985,62,11,1353,583,2025-03-04,0.0312,0.1774,1.3208
673,49,Female,Chennai,CMP109,Email,1503,468,39,4446,1835,2025-02-17,0.3114,0.0833,1.4229
674,24,Male,Mumbai,CMP101,Google Ads,2591,409,28,2688,1540,2025-03-06,0.1579,0.0685,0.7455
675,31,Female,Chennai,CMP104,YouTube,2902,337,40,5960,1364,2025-04-22,0.1161,0.1187,3.3695
676,33,Male,Chennai,CMP103,Email,4407,345,63,10773,1943,2025-02-14,0.0783,0.1826,4.5445
677,25,Male,Chennai,CMP107,Email,1807,401,70,5740,1510,2025-01-15,0.2219,0.1746,2.8013
678,19,Female,Mumbai,CMP107,Facebook,4766,208,77,9548,1710,2025-03-12,0.0436,0.3702,4.5836
679,47,Male,Mumbai,CMP109,YouTube,4075,413,61,10858,1175,2025-04-12,0.1013,0.1477,8.2409
680,51,Female,Delhi,CMP106,Google Ads,1157,419,73,8614,932,2025-03-10,0.3621,0.1742,8.2425
681,21,Male,Delhi,CMP106,Google Ads,2897,439,60,11340,1857,2025-01-06,0.1515,0.1367,5.1066
682,26,Female,Pune,CMP104,Instagram,787,155,22,3850,1647,2025-03-15,0.197,0.1419,1.3376
683,28,Female,Mumbai,CMP100,Instagram,1735,55,67,12395,1034,2025-04-06,0.0317,1.2182,10.9874
684,49,Female,Pune,CMP105,YouTube,1975,386,45,3780,1178,2025-04-30,0.1954,0.1166,2.2088
685,39,Female,Bangalore,CMP106,Facebook,3001,340,26,4238,1416,2025-01-11,0.1133,0.0765,1.9929
686,29,Male,Delhi,CMP106,Email,1472,300,7,973,1616,2025-01-14,0.2038,0.0233,-0.3979
687,22,Male,Mumbai,CMP103,YouTube,724,67,77,12474,913,2025-03-28,0.0925,1.1493,12.6627
688,42,Male,Mumbai,CMP109,Email,4625,330,32,6368,1460,2025-03-19,0.0714,0.097,3.3616
689,52,Male,Pune,CMP103,Instagram,4061,363,45,7065,1248,2025-02-17,0.0894,0.124,4.6611
690,38,Male,Delhi,CMP105,Google Ads,2301,148,79,12956,1746,2025-02-14,0.0643,0.5338,6.4204
691,19,Female,Hyderabad,CMP108,Instagram,3450,258,68,9724,1093,2025-02-11,0.0748,0.2636,7.8966
692,35,Female,Mumbai,CMP102,Instagram,1477,103,79,15168,983,2025-04-27,0.0697,0.767,14.4303
693,29,Female,Pune,CMP103,Instagram,686,395,20,2720,461,2025-04-13,0.5758,0.0506,4.9002
694,29,Male,Delhi,CMP100,YouTube,2830,128,76,10792,1486,2025-03-04,0.0452,0.5938,6.2624
695,22,Male,Pune,CMP109,Google Ads,4848,425,40,3480,1180,2025-03-21,0.0877,0.0941,1.9492
696,47,Female,Chennai,CMP106,Facebook,3351,333,51,9180,275,2025-01-16,0.0994,0.1532,32.3818
697,46,Female,Pune,CMP102,Instagram,1469,120,56,6496,1347,2025-01-15,0.0817,0.4667,3.8226
698,30,Female,Hyderabad,CMP109,Google Ads,4823,480,50,4900,1659,2025-01-21,0.0995,0.1042,1.9536
699,46,Female,Hyderabad,CMP103,Instagram,4659,214,31,6045,1534,2025-01-25,0.0459,0.1449,2.9407
700,35,Female,Chennai,CMP104,Instagram,1687,435,26,2470,423,2025-02-23,0.2579,0.0598,4.8392
701,30,Male,Chennai,CMP105,Facebook,4439,79,49,5537,670,2025-04-03,0.0178,0.6203,7.2642
702,26,Male,Delhi,CMP106,YouTube,3081,229,56,6440,1590,2025-04-25,0.0743,0.2445,3.0503
703,21,Male,Chennai,CMP101,Instagram,3906,490,24,2664,1232,2025-03-23,0.1254,0.049,1.1623
704,21,Female,Mumbai,CMP101,Facebook,4088,453,79,7979,1900,2025-03-18,0.1108,0.1744,3.1995
705,48,Male,Bangalore,CMP102,Google Ads,2682,117,23,3979,689,2025-02-26,0.0436,0.1966,4.775
706,49,Male,Hyderabad,CMP101,Email,2376,238,35,6090,1562,2025-02-28,0.1002,0.1471,2.8988
707,41,Male,Pune,CMP100,Email,2407,187,6,834,393,2025-04-06,0.0777,0.0321,1.1221
708,48,Male,Pune,CMP107,Google Ads,643,65,50,9800,622,2025-01-01,0.1011,0.7692,14.7556
709,29,Male,Delhi,CMP100,Email,1386,390,8,840,1550,2025-04-07,0.2814,0.0205,-0.4581
710,24,Female,Bangalore,CMP101,Email,4542,397,69,11799,758,2025-04-16,0.0874,0.1738,14.566
711,28,Female,Bangalore,CMP102,Email,1631,68,30,3870,1519,2025-01-12,0.0417,0.4412,1.5477
712,33,Female,Hyderabad,CMP101,Google Ads,694,332,58,7424,1161,2025-03-01,0.4784,0.1747,5.3945
713,50,Female,Hyderabad,CMP107,Facebook,2577,133,42,3738,1319,2025-04-15,0.0516,0.3158,1.834
714,33,Male,Mumbai,CMP105,YouTube,1897,91,51,10047,620,2025-02-26,0.048,0.5604,15.2048
715,49,Male,Mumbai,CMP109,Email,2910,332,45,5085,535,2025-03-30,0.1141,0.1355,8.5047
716,37,Female,Pune,CMP106,Google Ads,2381,250,14,2478,704,2025-03-01,0.105,0.056,2.5199
717,44,Male,Bangalore,CMP101,Google Ads,4916,484,40,7880,1631,2025-01-31,0.0985,0.0826,3.8314
718,41,Female,Hyderabad,CMP104,Instagram,1026,61,32,5824,1563,2025-01-10,0.0595,0.5246,2.7262
719,51,Male,Chennai,CMP109,Instagram,3169,383,22,2046,1951,2025-03-17,0.1209,0.0574,0.0487
720,33,Male,Pune,CMP103,Facebook,4631,222,40,6280,1245,2025-02-25,0.0479,0.1802,4.0442
721,37,Female,Hyderabad,CMP101,Instagram,3276,145,37,4255,1140,2025-02-07,0.0443,0.2552,2.7325
722,21,Male,Hyderabad,CMP104,Instagram,694,200,20,2960,898,2025-04-14,0.2882,0.1,2.2962
723,34,Female,Delhi,CMP106,Email,4314,255,74,7030,595,2025-01-14,0.0591,0.2902,10.8151
724,34,Male,Hyderabad,CMP108,Google Ads,2864,248,50,6150,1750,2025-02-23,0.0866,0.2016,2.5143
725,31,Female,Hyderabad,CMP100,Facebook,1109,310,31,5146,571,2025-04-27,0.2795,0.1,8.0123
726,49,Male,Pune,CMP107,Facebook,1284,132,58,9628,389,2025-01-13,0.1028,0.4394,23.7506
727,48,Male,Pune,CMP105,Facebook,2838,182,77,8008,525,2025-03-07,0.0641,0.4231,14.2533
728,37,Female,Bangalore,CMP106,YouTube,3278,138,76,6080,1470,2025-04-06,0.0421,0.5507,3.1361
729,33,Male,Hyderabad,CMP102,Email,4578,103,79,13351,253,2025-01-20,0.0225,0.767,51.7708
730,18,Female,Delhi,CMP100,Instagram,2081,242,62,11780,1660,2025-03-07,0.1163,0.2562,6.0964
731,50,Female,Hyderabad,CMP102,Google Ads,4496,389,74,7992,207,2025-03-01,0.0865,0.1902,37.6087
732,21,Female,Hyderabad,CMP102,Instagram,3256,413,24,2832,1296,2025-04-28,0.1268,0.0581,1.1852
733,39,Female,Bangalore,CMP103,Google Ads,670,190,17,2312,387,2025-04-21,0.2836,0.0895,4.9742
734,25,Female,Hyderabad,CMP109,Email,2472,414,47,7097,410,2025-03-31,0.1675,0.1135,16.3098
735,45,Male,Delhi,CMP108,Email,4323,164,30,4680,498,2025-01-20,0.0379,0.1829,8.3976
736,32,Male,Mumbai,CMP106,YouTube,4806,289,43,3913,634,2025-03-19,0.0601,0.1488,5.1719
737,51,Male,Pune,CMP102,Google Ads,2302,203,46,4140,610,2025-03-05,0.0882,0.2266,5.7869
738,52,Male,Pune,CMP107,Email,3449,479,46,6624,1443,2025-03-13,0.1389,0.096,3.5904
739,28,Female,Pune,CMP106,Email,1966,101,51,4386,575,2025-03-02,0.0514,0.505,6.6278
740,29,Female,Bangalore,CMP102,Google Ads,3895,458,16,2896,1889,2025-04-27,0.1176,0.0349,0.5331
741,21,Male,Pune,CMP100,YouTube,4641,358,17,3349,800,2025-01-07,0.0771,0.0475,3.1863
742,40,Male,Pune,CMP106,Instagram,865,171,15,1995,1571,2025-04-24,0.1977,0.0877,0.2699
743,46,Female,Hyderabad,CMP102,Instagram,1246,416,61,6344,737,2025-04-07,0.3339,0.1466,7.6079
744,34,Female,Chennai,CMP102,Email,3329,383,39,6669,997,2025-03-21,0.115,0.1018,5.6891
745,42,Male,Pune,CMP102,YouTube,2273,463,49,9261,278,2025-04-12,0.2037,0.1058,32.3129
746,40,Female,Hyderabad,CMP108,Instagram,3165,96,57,11229,775,2025-04-16,0.0303,0.5938,13.489
747,24,Male,Hyderabad,CMP101,Google Ads,4090,327,45,4005,529,2025-04-12,0.08,0.1376,6.5709
748,21,Male,Mumbai,CMP100,Facebook,1172,50,57,6441,1411,2025-01-04,0.0427,1.14,3.5648
749,47,Male,Bangalore,CMP101,Facebook,1001,267,8,1200,1736,2025-03-14,0.2667,0.03,-0.3088
750,44,Female,Delhi,CMP108,YouTube,4886,57,28,3612,491,2025-01-18,0.0117,0.4912,6.3564
751,48,Female,Chennai,CMP103,Email,1007,462,20,2520,1578,2025-02-06,0.4588,0.0433,0.597
752,21,Female,Chennai,CMP105,Google Ads,4122,353,50,9200,1262,2025-03-16,0.0856,0.1416,6.29
753,24,Female,Hyderabad,CMP100,Google Ads,2655,317,40,6760,1753,2025-02-27,0.1194,0.1262,2.8562
754,25,Female,Hyderabad,CMP107,Instagram,2381,136,10,1230,781,2025-03-27,0.0571,0.0735,0.5749
755,47,Male,Delhi,CMP108,YouTube,518,150,22,3960,806,2025-02-11,0.2896,0.1467,3.9132
756,44,Male,Chennai,CMP106,Instagram,2580,278,16,2768,1853,2025-01-09,0.1078,0.0576,0.4938
757,32,Male,Bangalore,CMP101,Facebook,1769,454,33,6138,1384,2025-02-21,0.2566,0.0727,3.435
758,24,Female,Bangalore,CMP101,Instagram,4456,221,58,4756,473,2025-04-18,0.0496,0.2624,9.055
759,48,Female,Delhi,CMP109,YouTube,921,470,62,8556,563,2025-01-11,0.5103,0.1319,14.1972
760,46,Female,Bangalore,CMP107,YouTube,1390,259,72,12744,1080,2025-01-22,0.1863,0.278,10.8
761,38,Male,Bangalore,CMP106,Instagram,1973,221,10,1040,1649,2025-01-16,0.112,0.0452,-0.3693
762,26,Male,Mumbai,CMP109,Google Ads,4481,216,32,5472,423,2025-02-14,0.0482,0.1481,11.9362
763,49,Male,Hyderabad,CMP109,Instagram,4233,465,73,10804,926,2025-02-08,0.1099,0.157,10.6674
764,20,Male,Bangalore,CMP102,YouTube,1389,320,75,14250,1124,2025-01-10,0.2304,0.2344,11.6779
765,30,Female,Pune,CMP102,YouTube,2895,78,39,3549,1741,2025-03-08,0.0269,0.5,1.0385
766,20,Male,Bangalore,CMP107,Instagram,1403,57,51,8364,1914,2025-03-28,0.0406,0.8947,3.3699
767,31,Male,Hyderabad,CMP104,YouTube,3587,382,71,6248,1719,2025-03-12,0.1065,0.1859,2.6347
768,54,Male,Pune,CMP100,YouTube,2562,376,45,8640,1631,2025-01-10,0.1468,0.1197,4.2974
769,42,Male,Chennai,CMP101,Facebook,2014,257,76,14592,1151,2025-01-12,0.1276,0.2957,11.6777
770,31,Female,Hyderabad,CMP108,Google Ads,4036,237,30,5730,1717,2025-02-05,0.0587,0.1266,2.3372
771,22,Female,Mumbai,CMP108,Facebook,3436,328,47,8930,333,2025-01-18,0.0955,0.1433,25.8168
772,45,Male,Chennai,CMP102,Instagram,3761,190,47,6486,857,2025-02-25,0.0505,0.2474,6.5683
773,20,Female,Pune,CMP109,Facebook,4706,186,72,12744,1013,2025-01-08,0.0395,0.3871,11.5805
774,30,Male,Mumbai,CMP104,Instagram,2041,329,52,8996,1710,2025-01-25,0.1612,0.1581,4.2608
775,29,Male,Delhi,CMP101,Facebook,4743,167,70,13510,1012,2025-04-21,0.0352,0.4192,12.3498
776,43,Male,Delhi,CMP105,YouTube,2284,488,79,9006,1370,2025-02-14,0.2137,0.1619,5.5737
777,39,Female,Hyderabad,CMP106,Google Ads,1951,265,69,8418,762,2025-02-25,0.1358,0.2604,10.0472
778,50,Female,Mumbai,CMP102,Facebook,3846,387,59,10089,1955,2025-01-28,0.1006,0.1525,4.1606
779,52,Male,Bangalore,CMP101,Instagram,3438,229,53,5565,1260,2025-04-09,0.0666,0.2314,3.4167
780,39,Male,Pune,CMP102,Google Ads,1691,129,42,6972,1861,2025-03-01,0.0763,0.3256,2.7464
781,39,Female,Mumbai,CMP104,Google Ads,1184,95,76,10184,435,2025-01-26,0.0802,0.8,22.4115
782,23,Female,Delhi,CMP106,Facebook,2267,134,29,4176,1712,2025-04-25,0.0591,0.2164,1.4393
783,47,Female,Pune,CMP101,Email,4659,392,47,8225,1118,2025-03-28,0.0841,0.1199,6.3569
784,40,Male,Delhi,CMP101,Email,4034,274,25,4550,512,2025-03-29,0.0679,0.0912,7.8867
785,44,Male,Pune,CMP105,Google Ads,1181,184,54,8802,1655,2025-04-01,0.1558,0.2935,4.3184
786,30,Male,Bangalore,CMP100,Instagram,4840,158,61,10309,732,2025-03-28,0.0326,0.3861,13.0833
787,19,Female,Bangalore,CMP108,Instagram,4231,150,21,2520,227,2025-02-27,0.0355,0.14,10.1013
788,23,Male,Pune,CMP101,Instagram,2021,346,10,1170,1554,2025-02-09,0.1712,0.0289,-0.2471
789,41,Female,Mumbai,CMP102,Instagram,1878,274,28,2716,1754,2025-03-03,0.1459,0.1022,0.5485
790,51,Female,Delhi,CMP108,Google Ads,2548,202,49,9114,707,2025-01-16,0.0793,0.2426,11.8911
791,33,Male,Hyderabad,CMP105,Google Ads,2261,270,23,2392,922,2025-04-25,0.1194,0.0852,1.5944
792,33,Male,Bangalore,CMP107,Google Ads,3388,178,46,5198,680,2025-02-24,0.0525,0.2584,6.6441
793,23,Female,Hyderabad,CMP108,YouTube,844,430,49,4900,1869,2025-02-17,0.5095,0.114,1.6217
794,47,Female,Bangalore,CMP108,YouTube,2014,88,35,3115,1201,2025-04-26,0.0437,0.3977,1.5937
795,21,Female,Delhi,CMP107,YouTube,773,493,77,7238,678,2025-01-09,0.6378,0.1562,9.6755
796,33,Male,Bangalore,CMP102,Instagram,3168,186,30,4800,1611,2025-02-21,0.0587,0.1613,1.9795
797,46,Male,Delhi,CMP103,Instagram,3832,325,22,1782,822,2025-02-11,0.0848,0.0677,1.1679
798,26,Female,Pune,CMP104,YouTube,3760,144,12,2292,266,2025-01-11,0.0383,0.0833,7.6165
799,30,Female,Hyderabad,CMP104,Instagram,3032,347,17,3383,1387,2025-03-15,0.1144,0.049,1.4391
800,40,Female,Delhi,CMP106,Facebook,4587,122,56,4536,398,2025-02-09,0.0266,0.459,10.397
801,43,Male,Chennai,CMP102,Email,2355,390,27,4239,1892,2025-03-10,0.1656,0.0692,1.2405
802,34,Female,Mumbai,CMP101,Google Ads,4586,272,35,3465,1657,2025-01-25,0.0593,0.1287,1.0911
803,52,Male,Delhi,CMP101,YouTube,3584,171,74,10138,1930,2025-03-16,0.0477,0.4327,4.2528
804,39,Male,Hyderabad,CMP102,Google Ads,3433,389,68,11016,524,2025-04-21,0.1133,0.1748,20.0229
805,52,Female,Mumbai,CMP106,Instagram,3889,193,72,12096,1238,2025-01-14,0.0496,0.3731,8.7706
806,42,Male,Mumbai,CMP105,YouTube,3417,149,11,1782,1765,2025-04-14,0.0436,0.0738,0.0096
807,30,Female,Chennai,CMP106,Email,4155,259,46,6532,1496,2025-01-27,0.0623,0.1776,3.3663
808,35,Male,Delhi,CMP106,Google Ads,3093,85,29,2987,717,2025-01-06,0.0275,0.3412,3.166
809,28,Female,Delhi,CMP109,Instagram,3697,458,59,6077,885,2025-04-25,0.1239,0.1288,5.8667
810,31,Female,Delhi,CMP102,Instagram,4053,333,7,819,1298,2025-03-31,0.0822,0.021,-0.369
811,47,Female,Delhi,CMP107,Facebook,1187,70,58,10556,1407,2025-02-20,0.059,0.8286,6.5025
812,18,Male,Hyderabad,CMP107,Instagram,2311,161,63,5544,1550,2025-02-25,0.0697,0.3913,2.5768
813,24,Male,Bangalore,CMP100,Email,3606,428,7,1316,1981,2025-04-01,0.1187,0.0164,-0.3357
814,28,Female,Hyderabad,CMP109,Facebook,963,279,75,12450,371,2025-04-27,0.2897,0.2688,32.558
815,52,Female,Delhi,CMP104,Email,1189,112,41,6560,1922,2025-02-17,0.0942,0.3661,2.4131
816,31,Female,Hyderabad,CMP100,Instagram,871,224,66,12870,810,2025-01-24,0.2572,0.2946,14.8889
817,32,Male,Bangalore,CMP105,Instagram,4199,200,54,8478,1725,2025-01-27,0.0476,0.27,3.9148
818,30,Male,Bangalore,CMP108,Email,2794,313,7,882,901,2025-04-08,0.112,0.0224,-0.0211
819,30,Male,Delhi,CMP100,YouTube,1483,401,65,11245,1479,2025-02-03,0.2704,0.1621,6.6031
820,48,Male,Chennai,CMP108,Google Ads,4674,285,75,14850,1700,2025-02-07,0.061,0.2632,7.7353
821,54,Female,Pune,CMP108,Facebook,2561,441,58,9280,585,2025-02-25,0.1722,0.1315,14.8632
822,52,Male,Mumbai,CMP104,Instagram,3665,142,65,6565,956,2025-01-16,0.0387,0.4577,5.8672
823,19,Female,Pune,CMP103,Facebook,3181,177,47,7473,1496,2025-03-26,0.0556,0.2655,3.9953
824,42,Female,Chennai,CMP104,Email,2005,399,10,1820,792,2025-03-10,0.199,0.0251,1.298
825,54,Female,Hyderabad,CMP107,Google Ads,4231,497,20,3680,1018,2025-03-14,0.1175,0.0402,2.6149
826,53,Female,Mumbai,CMP105,Facebook,1949,234,70,13020,464,2025-03-05,0.1201,0.2991,27.0603
827,50,Female,Bangalore,CMP101,Email,3221,488,33,6237,1645,2025-03-12,0.1515,0.0676,2.7915
828,44,Female,Hyderabad,CMP100,Google Ads,1012,265,8,1288,1483,2025-01-28,0.2619,0.0302,-0.1315
829,23,Male,Mumbai,CMP101,Google Ads,2653,154,59,8201,427,2025-03-28,0.058,0.3831,18.2061
830,30,Female,Delhi,CMP100,Instagram,3421,105,17,1649,1663,2025-04-11,0.0307,0.1619,-0.0084
831,32,Male,Delhi,CMP101,YouTube,670,344,65,10400,625,2025-01-23,0.5134,0.189,15.64
832,24,Male,Mumbai,CMP107,Facebook,3753,335,62,9052,1931,2025-01-18,0.0893,0.1851,3.6877
833,46,Female,Hyderabad,CMP104,Facebook,4077,242,72,9216,693,2025-03-31,0.0594,0.2975,12.2987
834,23,Male,Chennai,CMP103,Email,2369,58,51,6630,1521,2025-03-29,0.0245,0.8793,3.359
835,41,Male,Bangalore,CMP106,Instagram,4505,377,69,13248,1917,2025-03-24,0.0837,0.183,5.9108
836,47,Female,Chennai,CMP105,Email,4268,488,64,9024,810,2025-03-16,0.1143,0.1311,10.1407
837,51,Male,Chennai,CMP100,YouTube,3783,175,33,3960,1722,2025-01-31,0.0463,0.1886,1.2997
838,40,Male,Mumbai,CMP108,Instagram,2659,451,21,1953,1517,2025-03-20,0.1696,0.0466,0.2874
839,36,Male,Chennai,CMP108,YouTube,1633,489,26,5148,1791,2025-02-13,0.2994,0.0532,1.8744
840,46,Female,Chennai,CMP105,Instagram,2005,340,5,820,1019,2025-02-06,0.1696,0.0147,-0.1953
841,43,Female,Pune,CMP100,YouTube,678,434,25,4675,1751,2025-04-10,0.6401,0.0576,1.6699
842,40,Female,Chennai,CMP106,Facebook,1085,241,47,6486,1496,2025-02-13,0.2221,0.195,3.3356
843,21,Male,Delhi,CMP106,Email,3898,157,38,7144,1013,2025-04-06,0.0403,0.242,6.0523
844,54,Female,Chennai,CMP105,YouTube,3206,51,14,2240,633,2025-01-22,0.0159,0.2745,2.5387
845,23,Female,Bangalore,CMP102,Email,3420,389,5,950,637,2025-01-18,0.1137,0.0129,0.4914
846,30,Female,Hyderabad,CMP106,YouTube,1401,94,27,2835,734,2025-03-20,0.0671,0.2872,2.8624
847,53,Male,Hyderabad,CMP106,Instagram,1567,76,30,4740,1320,2025-03-05,0.0485,0.3947,2.5909
848,50,Male,Delhi,CMP106,Email,4780,118,65,8710,1353,2025-02-07,0.0247,0.5508,5.4375
849,32,Male,Mumbai,CMP102,Google Ads,4291,383,33,3762,1377,2025-03-28,0.0893,0.0862,1.732
850,24,Female,Hyderabad,CMP102,Instagram,2960,83,45,4590,880,2025-02-27,0.028,0.5422,4.2159
851,31,Male,Chennai,CMP103,Email,2579,336,47,3760,816,2025-04-06,0.1303,0.1399,3.6078
852,51,Female,Chennai,CMP103,Facebook,3065,152,14,2366,782,2025-01-21,0.0496,0.0921,2.0256
853,29,Female,Hyderabad,CMP107,Email,3668,123,67,8710,1905,2025-03-21,0.0335,0.5447,3.5722
854,45,Female,Delhi,CMP100,Email,3100,81,19,2014,773,2025-03-05,0.0261,0.2346,1.6054
855,24,Female,Chennai,CMP108,Email,4065,236,62,7130,329,2025-03-28,0.0581,0.2627,20.6717
856,41,Male,Mumbai,CMP107,Email,2994,252,78,14040,736,2025-04-20,0.0842,0.3095,18.0761
857,41,Male,Hyderabad,CMP108,Instagram,2776,362,6,846,1575,2025-03-09,0.1304,0.0166,-0.4629
858,38,Female,Mumbai,CMP104,Google Ads,4712,355,44,6776,1153,2025-01-18,0.0753,0.1239,4.8768
859,37,Female,Pune,CMP104,Email,1424,201,78,7566,1112,2025-02-14,0.1412,0.3881,5.804
860,48,Female,Mumbai,CMP103,YouTube,2052,122,18,1944,1656,2025-03-23,0.0595,0.1475,0.1739
861,36,Female,Hyderabad,CMP109,Facebook,3776,128,31,5580,1187,2025-02-21,0.0339,0.2422,3.7009
862,35,Female,Mumbai,CMP104,Instagram,1677,203,50,6400,291,2025-01-03,0.121,0.2463,20.9931
863,20,Male,Chennai,CMP100,Instagram,3357,324,21,2688,787,2025-02-24,0.0965,0.0648,2.4155
864,24,Female,Bangalore,CMP103,Email,1165,404,76,13604,1531,2025-01-16,0.3468,0.1881,7.8857
865,42,Male,Delhi,CMP109,Email,1712,359,66,8448,1352,2025-04-28,0.2097,0.1838,5.2485
866,45,Female,Mumbai,CMP105,Email,3011,193,62,6696,1423,2025-01-16,0.0641,0.3212,3.7056
867,43,Female,Delhi,CMP109,Email,4743,385,75,11775,1456,2025-03-19,0.0812,0.1948,7.0872
868,37,Female,Bangalore,CMP102,Facebook,4794,210,30,3720,1344,2025-02-21,0.0438,0.1429,1.7679
869,31,Male,Pune,CMP100,Email,567,302,30,2430,658,2025-01-12,0.5326,0.0993,2.693
870,51,Female,Chennai,CMP109,YouTube,1055,466,17,2839,1813,2025-01-21,0.4417,0.0365,0.5659
871,30,Male,Hyderabad,CMP106,Facebook,2459,115,77,12166,286,2025-03-22,0.0468,0.6696,41.5385
872,29,Male,Mumbai,CMP107,YouTube,1799,236,50,6700,1098,2025-03-07,0.1312,0.2119,5.102
873,23,Female,Bangalore,CMP103,YouTube,2035,149,20,2260,1562,2025-01-22,0.0732,0.1342,0.4469
874,47,Female,Pune,CMP104,Facebook,3589,61,56,11032,322,2025-02-20,0.017,0.918,33.2609
875,54,Male,Mumbai,CMP106,Facebook,2297,133,31,5766,764,2025-02-28,0.0579,0.2331,6.5471
876,22,Female,Bangalore,CMP106,Instagram,3640,60,19,1558,391,2025-02-22,0.0165,0.3167,2.9847
877,23,Male,Bangalore,CMP100,Facebook,3864,58,19,3268,1610,2025-01-26,0.015,0.3276,1.0298
878,41,Female,Bangalore,CMP102,Email,1672,426,15,2265,621,2025-04-29,0.2548,0.0352,2.6473
879,51,Male,Chennai,CMP108,YouTube,4097,63,14,1638,1875,2025-01-10,0.0154,0.2222,-0.1264
880,18,Female,Pune,CMP106,Facebook,2436,194,71,12354,1157,2025-01-04,0.0796,0.366,9.6776
881,36,Male,Hyderabad,CMP101,Email,3485,446,8,1184,1049,2025-01-12,0.128,0.0179,0.1287
882,28,Female,Mumbai,CMP108,Email,829,403,10,1300,591,2025-01-12,0.4861,0.0248,1.1997
883,53,Female,Chennai,CMP109,Email,3067,299,15,1980,835,2025-03-26,0.0975,0.0502,1.3713
884,29,Male,Delhi,CMP105,Email,2759,161,12,2064,1003,2025-04-24,0.0584,0.0745,1.0578
885,37,Male,Chennai,CMP107,Instagram,1353,198,54,6372,677,2025-03-28,0.1463,0.2727,8.4121
886,39,Male,Bangalore,CMP109,YouTube,4730,442,5,585,609,2025-04-29,0.0934,0.0113,-0.0394
887,41,Male,Mumbai,CMP102,YouTube,1969,427,10,1300,1880,2025-01-10,0.2169,0.0234,-0.3085
888,41,Male,Chennai,CMP100,Email,569,390,61,7198,1605,2025-02-28,0.6854,0.1564,3.4847
889,27,Male,Bangalore,CMP108,Facebook,3279,362,52,5512,1521,2025-02-21,0.1104,0.1436,2.6239
890,40,Male,Hyderabad,CMP106,Instagram,4365,74,79,13983,990,2025-04-14,0.017,1.0676,13.1242
891,50,Male,Delhi,CMP104,Email,4884,262,6,756,729,2025-04-08,0.0536,0.0229,0.037
892,35,Male,Chennai,CMP107,Google Ads,1095,340,55,10835,1081,2025-03-13,0.3105,0.1618,9.0231
893,40,Female,Mumbai,CMP103,Instagram,4464,79,48,4272,508,2025-02-18,0.0177,0.6076,7.4094
894,50,Male,Chennai,CMP107,Google Ads,638,243,62,7130,1441,2025-03-30,0.3809,0.2551,3.948
895,33,Male,Chennai,CMP100,Email,3613,452,23,2346,1153,2025-01-12,0.1251,0.0509,1.0347
896,22,Male,Pune,CMP109,Facebook,1045,358,12,1632,1753,2025-01-30,0.3426,0.0335,-0.069
897,29,Female,Delhi,CMP101,YouTube,3753,62,33,5577,1482,2025-03-16,0.0165,0.5323,2.7632
898,24,Male,Hyderabad,CMP109,YouTube,1631,205,6,1080,838,2025-03-31,0.1257,0.0293,0.2888
899,26,Male,Pune,CMP104,Instagram,3659,253,20,2380,1374,2025-01-13,0.0691,0.0791,0.7322
900,32,Male,Mumbai,CMP109,YouTube,3901,357,45,8505,1916,2025-04-30,0.0915,0.1261,3.4389
901,32,Male,Chennai,CMP103,YouTube,2298,89,32,5696,615,2025-03-26,0.0387,0.3596,8.2618
902,43,Male,Hyderabad,CMP104,Facebook,3257,114,8,1496,210,2025-01-23,0.035,0.0702,6.1238
903,33,Female,Mumbai,CMP103,Instagram,1744,390,44,4488,660,2025-04-14,0.2236,0.1128,5.8
904,45,Male,Mumbai,CMP107,YouTube,4952,305,13,1924,723,2025-04-09,0.0616,0.0426,1.6611
905,21,Male,Delhi,CMP104,Google Ads,696,415,62,9548,789,2025-02-02,0.5963,0.1494,11.1014
906,27,Male,Chennai,CMP108,Facebook,4666,105,76,9880,1324,2025-01-15,0.0225,0.7238,6.4622
907,29,Male,Mumbai,CMP105,Instagram,2946,310,58,5162,506,2025-01-04,0.1052,0.1871,9.2016
908,29,Male,Pune,CMP101,Facebook,4485,385,40,6640,1504,2025-02-05,0.0858,0.1039,3.4149
909,52,Male,Chennai,CMP108,Instagram,4696,58,65,6305,1532,2025-04-29,0.0124,1.1207,3.1155
910,32,Female,Chennai,CMP109,Email,725,154,8,992,1648,2025-03-21,0.2124,0.0519,-0.3981
911,43,Male,Hyderabad,CMP100,Instagram,3640,403,5,875,1390,2025-04-22,0.1107,0.0124,-0.3705
912,43,Female,Bangalore,CMP100,Facebook,750,396,39,4719,1909,2025-03-03,0.528,0.0985,1.472
913,26,Male,Mumbai,CMP103,Email,1418,199,8,1104,632,2025-03-12,0.1403,0.0402,0.7468
914,48,Female,Delhi,CMP107,Instagram,2762,435,53,9699,671,2025-02-17,0.1575,0.1218,13.4545
915,43,Male,Chennai,CMP108,Email,1574,348,59,7552,1951,2025-04-21,0.2211,0.1695,2.8708
916,38,Male,Hyderabad,CMP107,Email,3991,244,53,7102,787,2025-03-09,0.0611,0.2172,8.0241
917,37,Male,Bangalore,CMP106,Facebook,4434,93,35,5810,1921,2025-01-28,0.021,0.3763,2.0245
918,30,Male,Delhi,CMP102,Google Ads,664,454,21,2436,1209,2025-01-30,0.6837,0.0463,1.0149
919,37,Male,Hyderabad,CMP103,Google Ads,544,451,66,11814,619,2025-01-19,0.829,0.1463,18.0856
920,21,Female,Chennai,CMP101,Instagram,864,349,11,1353,1984,2025-03-07,0.4039,0.0315,-0.318
921,22,Female,Pune,CMP109,Email,4650,315,46,7176,1520,2025-01-10,0.0677,0.146,3.7211
922,18,Male,Mumbai,CMP100,Google Ads,1881,493,55,4785,1628,2025-04-13,0.2621,0.1116,1.9392
923,26,Male,Mumbai,CMP100,Email,3649,134,34,4352,1948,2025-03-10,0.0367,0.2537,1.2341
924,36,Male,Hyderabad,CMP103,YouTube,3629,234,66,8646,678,2025-02-19,0.0645,0.2821,11.7522
925,27,Female,Pune,CMP105,YouTube,945,270,47,8789,1601,2025-02-26,0.2857,0.1741,4.4897
926,40,Male,Chennai,CMP103,Instagram,4525,268,25,3975,291,2025-01-20,0.0592,0.0933,12.6598
927,38,Female,Hyderabad,CMP101,YouTube,3033,231,29,2436,355,2025-02-16,0.0762,0.1255,5.862
928,38,Female,Delhi,CMP102,Instagram,4614,433,69,5658,436,2025-04-15,0.0938,0.1594,11.9771
929,37,Male,Chennai,CMP103,Google Ads,1051,372,29,5452,838,2025-02-13,0.3539,0.078,5.506
930,23,Female,Bangalore,CMP102,Facebook,4437,233,59,9794,1591,2025-04-27,0.0525,0.2532,5.1559
931,24,Male,Chennai,CMP105,Facebook,2748,386,70,11340,474,2025-03-04,0.1405,0.1813,22.9241
932,34,Male,Chennai,CMP101,Email,4125,91,63,9576,987,2025-03-04,0.0221,0.6923,8.7021
933,24,Female,Delhi,CMP100,Email,2052,374,43,8428,1689,2025-02-08,0.1823,0.115,3.9899
934,21,Male,Chennai,CMP107,YouTube,3959,458,73,11315,1893,2025-01-29,0.1157,0.1594,4.9773
935,22,Male,Bangalore,CMP101,Email,2492,245,55,5115,1887,2025-02-11,0.0983,0.2245,1.7107
936,28,Male,Pune,CMP102,Facebook,1222,317,21,3507,997,2025-01-23,0.2594,0.0662,2.5176
937,32,Male,Chennai,CMP107,YouTube,708,178,36,3168,451,2025-03-01,0.2514,0.2022,6.0244
938,29,Male,Hyderabad,CMP103,Google Ads,2544,468,31,5828,1434,2025-03-06,0.184,0.0662,3.0642
939,49,Female,Bangalore,CMP106,Email,3272,482,5,630,1745,2025-03-27,0.1473,0.0104,-0.639
940,35,Female,Pune,CMP106,Instagram,2403,479,36,6156,1250,2025-02-18,0.1993,0.0752,3.9248
941,48,Male,Chennai,CMP101,Facebook,1488,131,48,6384,1807,2025-03-12,0.088,0.3664,2.5329
942,26,Male,Chennai,CMP107,Facebook,1925,87,63,5544,710,2025-02-20,0.0452,0.7241,6.8085
943,47,Female,Bangalore,CMP103,Google Ads,3094,131,9,1539,1621,2025-02-08,0.0423,0.0687,-0.0506
944,19,Male,Mumbai,CMP105,Google Ads,4039,497,29,4495,1635,2025-01-31,0.1231,0.0584,1.7492
945,21,Male,Pune,CMP107,Google Ads,3850,353,24,2808,1092,2025-03-30,0.0917,0.068,1.5714
946,29,Female,Chennai,CMP106,Facebook,1658,234,16,1344,817,2025-01-18,0.1411,0.0684,0.645
947,48,Female,Hyderabad,CMP102,Google Ads,2564,245,75,9000,517,2025-04-29,0.0956,0.3061,16.4081
948,51,Female,Hyderabad,CMP105,Google Ads,2522,168,38,7334,909,2025-02-19,0.0666,0.2262,7.0682
949,39,Male,Delhi,CMP109,Google Ads,3928,465,71,11715,714,2025-02-20,0.1184,0.1527,15.4076
950,30,Female,Pune,CMP107,YouTube,1008,381,52,4472,856,2025-03-07,0.378,0.1365,4.2243
951,36,Male,Delhi,CMP104,Instagram,3575,187,21,1785,1275,2025-04-06,0.0523,0.1123,0.4
952,21,Female,Chennai,CMP107,Google Ads,2493,442,25,4525,735,2025-02-28,0.1773,0.0566,5.1565
953,52,Male,Mumbai,CMP107,Google Ads,4854,373,44,5852,887,2025-04-18,0.0768,0.118,5.5975
954,44,Male,Chennai,CMP105,Google Ads,3867,373,50,4600,1045,2025-01-17,0.0965,0.134,3.4019
955,19,Male,Pune,CMP103,Instagram,2267,290,6,936,1984,2025-04-02,0.1279,0.0207,-0.5282
956,29,Male,Delhi,CMP107,YouTube,4766,71,59,10502,1034,2025-03-10,0.0149,0.831,9.1567
957,29,Female,Chennai,CMP107,Google Ads,4186,88,17,3196,892,2025-03-15,0.021,0.1932,2.583
958,22,Male,Hyderabad,CMP109,Email,4457,385,49,4018,1770,2025-01-11,0.0864,0.1273,1.2701
959,20,Female,Pune,CMP107,Google Ads,2417,376,60,6780,1339,2025-01-31,0.1556,0.1596,4.0635
960,37,Male,Mumbai,CMP108,Google Ads,4576,115,74,8214,646,2025-04-08,0.0251,0.6435,11.7152
961,23,Male,Delhi,CMP106,Email,3258,88,21,1890,1780,2025-04-01,0.027,0.2386,0.0618
962,42,Male,Pune,CMP100,Instagram,1593,215,6,978,413,2025-04-03,0.135,0.0279,1.368
963,39,Male,Hyderabad,CMP101,Instagram,2107,214,53,5936,1275,2025-04-21,0.1016,0.2477,3.6557
964,54,Male,Pune,CMP102,Email,2680,323,42,8232,1597,2025-04-05,0.1205,0.13,4.1547
965,35,Male,Chennai,CMP106,Facebook,1331,187,46,5842,1858,2025-04-07,0.1405,0.246,2.1442
966,19,Female,Hyderabad,CMP108,Facebook,2563,359,39,4173,1833,2025-03-21,0.1401,0.1086,1.2766
967,37,Female,Pune,CMP107,Instagram,3946,141,57,7068,942,2025-03-02,0.0357,0.4043,6.5032
968,22,Female,Pune,CMP106,Google Ads,4433,363,31,2666,327,2025-04-02,0.0819,0.0854,7.1529
969,36,Male,Hyderabad,CMP108,YouTube,4136,448,30,5220,759,2025-03-05,0.1083,0.067,5.8775
970,20,Female,Hyderabad,CMP107,Facebook,848,231,55,4565,1262,2025-03-05,0.2724,0.2381,2.6173
971,28,Female,Bangalore,CMP100,Facebook,4624,421,15,2715,296,2025-01-21,0.091,0.0356,8.1723
972,28,Male,Mumbai,CMP101,YouTube,1625,95,70,8050,802,2025-03-06,0.0585,0.7368,9.0374
973,18,Male,Pune,CMP108,Facebook,946,148,39,4173,870,2025-02-12,0.1564,0.2635,3.7966
974,27,Male,Mumbai,CMP104,Google Ads,1095,240,55,10285,409,2025-01-09,0.2192,0.2292,24.1467
975,29,Female,Hyderabad,CMP103,YouTube,4501,237,65,5785,1638,2025-04-28,0.0527,0.2743,2.5317
976,20,Female,Mumbai,CMP109,Email,2632,98,74,9472,1207,2025-01-05,0.0372,0.7551,6.8476
977,43,Male,Bangalore,CMP107,Google Ads,1505,267,65,10985,1204,2025-01-05,0.1774,0.2434,8.1238
978,54,Female,Pune,CMP102,Facebook,4866,172,20,1900,1480,2025-02-21,0.0353,0.1163,0.2838
979,19,Female,Hyderabad,CMP105,Facebook,1024,425,59,5900,946,2025-01-27,0.415,0.1388,5.2368
980,42,Male,Chennai,CMP107,YouTube,4249,139,62,7750,557,2025-01-08,0.0327,0.446,12.9138
981,38,Female,Hyderabad,CMP107,Google Ads,3770,369,25,4850,399,2025-01-20,0.0979,0.0678,11.1554
982,46,Male,Delhi,CMP108,Email,2811,107,50,9650,230,2025-01-15,0.0381,0.4673,40.9565
983,54,Female,Delhi,CMP105,YouTube,1917,334,40,7520,1307,2025-03-12,0.1742,0.1198,4.7536
984,48,Male,Chennai,CMP104,YouTube,4315,142,32,3744,631,2025-04-07,0.0329,0.2254,4.9334
985,25,Male,Hyderabad,CMP106,YouTube,3820,140,33,5643,1187,2025-04-03,0.0366,0.2357,3.754
986,44,Female,Hyderabad,CMP109,Google Ads,3960,91,11,1265,1265,2025-02-15,0.023,0.1209,0
987,40,Male,Hyderabad,CMP109,Google Ads,3381,74,77,6160,1122,2025-02-11,0.0219,1.0405,4.4902
988,23,Female,Mumbai,CMP109,YouTube,1447,202,58,8468,1348,2025-03-11,0.1396,0.2871,5.2819
989,40,Female,Pune,CMP101,YouTube,1064,115,62,9982,705,2025-03-17,0.1081,0.5391,13.1589
990,18,Female,Hyderabad,CMP100,YouTube,1304,453,28,4564,1591,2025-03-22,0.3474,0.0618,1.8686
991,28,Female,Bangalore,CMP107,Google Ads,4049,154,7,938,245,2025-03-27,0.038,0.0455,2.8286
992,52,Male,Mumbai,CMP107,Instagram,2336,459,69,10557,735,2025-01-28,0.1965,0.1503,13.3633
993,32,Male,Chennai,CMP108,Email,2007,65,63,8379,442,2025-04-08,0.0324,0.9692,17.957
994,52,Female,Hyderabad,CMP109,Email,3252,384,72,10656,1522,2025-03-16,0.1181,0.1875,6.0013
995,40,Male,Hyderabad,CMP106,Email,2005,152,45,5805,1201,2025-02-28,0.0758,0.2961,3.8335
996,50,Male,Hyderabad,CMP104,Email,4854,253,11,1155,248,2025-02-17,0.0521,0.0435,3.6573
997,53,Female,Chennai,CMP100,Email,3002,465,8,1544,475,2025-03-01,0.1549,0.0172,2.2505
998,42,Male,Hyderabad,CMP109,YouTube,1046,161,34,3910,1533,2025-03-24,0.1539,0.2112,1.5506
999,54,Male,Mumbai,CMP104,YouTube,2100,374,55,9185,1757,2025-04-10,0.1781,0.1471,4.2277
1000,33,Female,Bangalore,CMP108,Instagram,2615,341,56,9016,380,2025-01-18,0.1304,0.1642,22.7263
